form	lemma	POS	morph
༄༅། །		PUNCT
སོ་སོ་	སོ་སོ་	PRON
འི་	གི་	PART
སྐྱེ་བོ་	སྐྱེ་བོ་	NOUN
འི་	གི་	PART
པཎྜི་ཏ་	པཎྜི་ཏ་	NOUN
ལ་སོགས་པ་	ལ་སོགས་པ་	NO_POS
འི་	གི་	PART
འཁྲུལ་བ་	འཁྲུལ་བ་	VERB
ལུང་བསྟན་པ་	ལུང་བསྟན་པ་	NOUN
ཞེ་	ཅེས་	PART
བྱ་བ་	བྱ་བ་	VERB
བཞུགས་	བཞུགས་	VERB
སོ་	གོ་	PART
། །		PUNCT
ཨོཾ་	ཨོཾ་	X
གུ་རུ་	གུ་རུ་	PROPN
བུདྡྷ་བོ་	བུདྡྷ་བོ་	NON_WORD
དྷི་		NON_WORD
སཏྭ་		NON_WORD
བྷྱོ་		NON_WORD
ན་མོ་	ན་མོ་	X
ན་	ལ་	PART
མཿ་		NON_WORD
སོ་སོ་	སོ་སོ་	PRON
འི་	གི་	PART
སྐྱེ་བོ་	སྐྱེ་བོ་	NOUN
འི་	གི་	PART
པཎྜི་ཏ་	པཎྜི་ཏ་	NOUN
ལ་སོགས་པ་	ལ་སོགས་པ་	NO_POS
འི་	གི་	PART
འཁྲུལ་བ་	འཁྲུལ་བ་	VERB
ལུང་བསྟན་པ་	ལུང་བསྟན་པ་	NOUN
ཞེ་	ཅེས་	PART
བྱ་བ་	བྱ་བ་	VERB
།		PUNCT
དཔལ་ལྡན་	དཔལ་ལྡན་	ADJ
བླ་མ་	བླ་མ་	NOUN
དམ་པ་	དམ་པ་	VERB
དང་	དང་	NO_POS
།		PUNCT
དཔལ་	དཔལ་	OTHER
ཡོངས་གྲུབ་	ཡོངས་གྲུབ་	NOUN
ཐམས་ཅད་	ཐམས་ཅད་	DET
ལ་	ལ་	PART
ཕྱག་	ཕྱག་	NOUN
འཚལ་	འཚལ་	VERB
ལོ་	གོ་	PART
། །		PUNCT
མཆོད་	མཆོད་	VERB
དོ་	གོ་	PART
སྐྱབས་	སྐྱབས་	NOUN
སུ་	ལ་	PART
མཆིའོ་		NON_WORD
། །		PUNCT
བརྩེ་བ་	བརྩེ་བ་	VERB
ཆེན་པོ་	ཆེན་པོ་	ADJ
ས་	གིས་	PART
དུས་	དུས་	NOUN
ཐམས་ཅད་	ཐམས་ཅད་	DET
དུ་	ལ་	PART
རྗེས་སུ་	རྗེས་སུ་	OTHER
བཟུང་	བཟུང་	NO_POS
དུ་	ལ་	PART
གསོལ་	གསོལ་	VERB
།		PUNCT
བདེན་	བདེན་	VERB
གཉིས་	གཉིས་	NUM
ལེགས་པ་	ལེགས་པ་	VERB
ར་	ལ་	PART
བསལ་	བསལ་	VERB
བཞག་	བཞག་	VERB
མཛད་	མཛད་	VERB
དེ་ནས་	དེ་ནས་	NO_POS
། །		PUNCT
ཡོད་	ཡོད་	VERB
ལ་	ལ་	PART
ཡོད་	ཡོད་	VERB
དང་	དང་	NO_POS
མེད་	མེད་	VERB
ལ་	ལ་	PART
མེད་	མེད་	VERB
ཇི་ལྟ་		
། །		PUNCT
གནས་	གནས་	NOUN
བཞིན་	བཞིན་	NOUN
སྟོན་པ་	སྟོན་པ་	NOUN
ཐམས་ཅད་	ཐམས་ཅད་	DET
ལ་	ལ་	PART
བཏུད་	བཏུད་	NO_POS
དེ་	སྟེ་	PART
། །		PUNCT
དེ་	སྟེ་	PART
ལ་	ལ་	PART
འཁྲུལ་	འཁྲུལ་	NO_POS
འཇོམས་	འཇོམས་	NO_POS
མ་	མ་	PART
ནོར་	ནོར་	NOUN
ལུང་	ལུང་	NOUN
རྣམས་	རྣམས་	DET
བྲི་	བྲི་	NO_POS
། །		PUNCT
དེ་	སྟེ་	PART
ལ་	ལ་	PART
འདི་	འདི་	DET
ར་	ལ་	PART
།		PUNCT
རྣལ་འབྱོར་པ་	རྣལ་འབྱོར་པ་	NOUN
ཡང་	ཀྱང་	PART
བློ་	བློ་	NOUN
ཁྱད་	ཁྱད་	NOUN
ཀྱིས་	གིས་	PART
། །		PUNCT
གོང་མ་	གོང་མ་	ADJ
གོང་མ་	གོང་མ་	ADJ
རྣམས་	རྣམས་	DET
ཀྱིས་	གིས་	PART
གནོད་	གནོད་	VERB
། །		PUNCT
ཅེས་པ་	ཅེས་པ་	PART
འི་	གི་	PART
ཚུལ་	ཚུལ་	NOUN
གྱིས་	གིས་	PART
དེ་བཞིན་	དེ་བཞིན་	OTHER
གཤེགས་པ་	གཤེགས་པ་	VERB
འི་	གི་	PART
བཀའ་	བཀའ་	NOUN
ལ་	ལ་	PART
རི་	རི་	NOUN
ཆོད་	ཆོད་	VERB
དང་	དང་	NO_POS
།		PUNCT
གཟུ་ལུམ་	གཟུ་ལུམ་	NO_POS
དང་	དང་	NO_POS
རང་བཟོ་	རང་བཟོ་	NO_POS
སྟེ་	སྟེ་	PART
གོ་རིམ་	གོ་རིམ་	NOUN
དཀྲུགས་པ་	དཀྲུགས་པ་	NON_WORD
དང་	དང་	NO_POS
།		PUNCT
དབྲི་	དབྲི་	NO_POS
བསྣན་	བསྣན་	NO_POS
དུ་མ་	དུ་མ་	ADJ
བྱེད་པ་	བྱེད་པ་	VERB
དང་	དང་	NO_POS
།		PUNCT
སངས་རྒྱས་	སངས་རྒྱས་	NOUN
དང་	དང་	NO_POS
ས་བཅུ་པ་	ས་བཅུ་པ་	NO_POS
ལ་སོགས་	ལ་སོགས་	NO_POS
ཀྱི་	གི་	PART
མན་ངག་	མན་ངག་	NOUN
གམ་	གམ་	PART
།		PUNCT
མངོན་པ་	མངོན་པ་	OTHER
ཤེས་པ་	ཤེས་པ་	VERB
ལྔ་	ལྔ་	NUM
མེད་པ་	མེད་པ་	VERB
ར་	ལ་	PART
།		PUNCT
སྒྲ་ཚད་	སྒྲ་ཚད་	NOUN
ལ་སོགས་པ་	ལ་སོགས་པ་	NO_POS
ཐུན་མོང་པ་	ཐུན་མོང་པ་	ADJ
རྣམས་	རྣམས་	DET
ལ་	ལ་	PART
མཁས་པ་	མཁས་པ་	VERB
འི་	གི་	PART
མངོན་པ་	མངོན་པ་	VERB
འི་	གི་	PART
ང་རྒྱལ་	ང་རྒྱལ་	NOUN
གྱིས་	གིས་	PART
།		PUNCT
ངེས་དོན་	ངེས་དོན་	NOUN
གྱི་	གི་	PART
མདོ་	མདོ་	NOUN
རྒྱུད་	རྒྱུད་	NOUN
ཟབ་མོ་	ཟབ་མོ་	ADJ
རྣམས་	རྣམས་	DET
ཀྱི་	གི་	PART
དོན་འགྲེལ་པ་	དོན་འགྲེལ་པ་	OTHER
དང་	དང་	NO_POS
བཤད་པ་	བཤད་པ་	VERB
བྱེད་པ་	བྱེད་པ་	VERB
སོ་སོ་	སོ་སོ་	PRON
འི་	གི་	PART
སྐྱེ་བོ་	སྐྱེ་བོ་	NOUN
འི་	གི་	PART
པཎྜི་ཏ་	པཎྜི་ཏ་	NOUN
ལ་སོགས་པ་	ལ་སོགས་པ་	NO_POS
རྣམས་	རྣམས་	DET
ཀྱི་	གི་	PART
རྗེས་སུ་	རྗེས་སུ་	OTHER
འབྲངས་པ་	འབྲངས་པ་	VERB
ཐམས་ཅད་	ཐམས་ཅད་	DET
ལ་	ལ་	PART
ཕན་པ་	ཕན་པ་	VERB
འི་	གི་	PART
དོན་	དོན་	NOUN
དུ་	ལ་	PART
ལུང་	ལུང་	NOUN
བསྡུས་པ་	བསྡུས་པ་	VERB
འདི་ལྟ་སྟེ་	འདི་ལྟ་སྟེ་	NO_POS
།		PUNCT
རྗེ་བཙུན་	རྗེ་བཙུན་	NOUN
འཕགས་པ་	འཕགས་པ་	VERB
སྤྱན་རས་	སྤྱན་རས་	NO_POS
གཟིགས་	གཟིགས་	VERB
དབང་ཕྱུག་	དབང་ཕྱུག་	NOUN
གིས་	གིས་	PART
ཐེག་པ་	ཐེག་པ་	NOUN
མཆོག་	མཆོག་	ADJ
གི་	གི་	PART
དོན་འགྲེལ་པ་	དོན་འགྲེལ་པ་	OTHER
ར་	ལ་	PART
མི་དབང་བ་	མི་དབང་བ་	OTHER
རྣམས་	རྣམས་	DET
ཀྱིས་	གིས་	PART
།		PUNCT
འགྲེལ་པ་	འགྲེལ་པ་	NOUN
དང་	དང་	NO_POS
རང་བཟོ་	རང་བཟོ་	NO_POS
འི་	གི་	PART
བཤད་པ་	བཤད་པ་	VERB
ལ་སོགས་	ལ་སོགས་	NO_POS
བྱིས་པ་	བྱིས་པ་	NOUN
འི་	གི་	PART
འཁྲུལ་བ་	འཁྲུལ་བ་	VERB
གསུངས་པ་	གསུངས་པ་	VERB
།		PUNCT
ཇི་སྐད་	ཇི་སྐད་	NO_POS
དུ་	ལ་	PART
།		PUNCT
མངོན་ཤེས་	མངོན་ཤེས་	NOUN
མེད་	མེད་	VERB
གང་	གང་	NO_POS
དཔལ་ལྡན་	དཔལ་ལྡན་	ADJ
རྡོ་རྗེ་	རྡོ་རྗེ་	NOUN
ཐེག་པ་	ཐེག་པ་	NOUN
ལ་	ལ་	PART
གནས་	གནས་	NOUN
བསྟན་ཆོས་	བསྟན་ཆོས་	NO_POS
དུ་མ་	དུ་མ་	ADJ
ཡི་	གི་	PART
། །		PUNCT
རྣམ་དག་	རྣམ་དག་	ADJ
ཆོ་	ཆོ་	NOUN
ཀྱི་	གི་	PART
སྙིང་	སྙིང་	NOUN
དང་	དང་	NO_POS
མཁས་པ་	མཁས་པ་	VERB
ཉིད་	ཉིད་	DET
ཀྱི་	གི་	PART
དྲེགས་	དྲེགས་	NOUN
ལྡན་	ལྡན་	VERB
རྒྱས་འགྲེལ་	རྒྱས་འགྲེལ་	OTHER
ཆེན་པོ་	ཆེན་པོ་	ADJ
དག་	དག་	DET
།		PUNCT
བྱེད་པ་	བྱེད་པ་	VERB
དེ་	སྟེ་	PART
ནི་	ནི་	NO_POS
གླང་ཆེན་	གླང་ཆེན་	NOUN
ལོང་བ་	ལོང་བ་	VERB
མྱོས་	མྱོས་	NO_POS
བཞིན་	བཞིན་	NOUN
དགྲ་	དགྲ་	NOUN
ཡི་	གི་	PART
རྒྱུད་	རྒྱུད་	NOUN
ནི་	ནི་	NO_POS
རྒྱལ་བ་	རྒྱལ་བ་	NOUN
འི་	གི་	PART
སླད་	སླད་	NOUN
། །		PUNCT
གང་	གང་	NO_POS
གནས་	གནས་	NOUN
དེ་	སྟེ་	PART
ཡི་	གིས་	PART
རང་	རང་	PRON
གི་	གི་	PART
རྒྱུད་	རྒྱུད་	NOUN
ནི་	ནི་	NO_POS
ཉམས་	ཉམས་	NOUN
བྱེད་	བྱེད་	VERB
འདི་	འདི་	DET
ནི་	ནི་	NO_POS
རྟག་	རྟག་	VERB
ཏུ་	ལ་	PART
བདུད་	བདུད་	NOUN
ཀྱི་	གི་	PART
གཉེན་	གཉེན་	NOUN
། །		PUNCT
མཁས་པ་	མཁས་པ་	VERB
འི་	གི་	PART
མངོན་པ་	མངོན་པ་	VERB
འི་	གི་	PART
ང་རྒྱལ་	ང་རྒྱལ་	NOUN
དང་	དང་	NO_POS
ལྡན་	ལྡན་	VERB
རྒྱལ་	རྒྱལ་	VERB
བདག་	བདག་	PRON
གསུངས་	གསུངས་	VERB
ནི་	ནི་	NO_POS
མི་	མི་	PART
ཤེ་	ཤེ་	VERB
ངང་ཚུལ་	ངང་ཚུལ་	OTHER
རྟག་	རྟག་	VERB
ལོང་བ་	ལོང་བ་	VERB
ས་	གིས་	PART
"།

།"		PUNCT
ཐེག་མཆོག་	ཐེག་མཆོག་	OTHER
རྒྱས་འགྲེལ་	རྒྱས་འགྲེལ་	OTHER
བྱ་	བྱ་	VERB
ཏེ་	སྟེ་	PART
ལོང་བ་	ལོང་བ་	VERB
གཞན་དག་	གཞན་དག་	NO_POS
ལྷུང་	ལྷུང་	VERB
དུ་	ལ་	PART
བཅུག་	བཅུག་	VERB
ན་	ནས་	PART
དམྱལ་བ་	དམྱལ་བ་	NOUN
ར་	ལ་	PART
རབ་	རབ་	ADV
འཇུག་པ་	འཇུག་པ་	VERB
། །		PUNCT
འགྱོད་པ་	འགྱོད་པ་	VERB
དང་	དང་	NO_POS
ནི་	ནི་	NO_POS
སྲོག་གཅོད་	སྲོག་གཅོད་	NOUN
ལ་སོགས་	ལ་སོགས་	NO_POS
མི་དགེ་	མི་དགེ་	NOUN
འི་	གི་	PART
ལམ་	གམ་	PART
ལ་	ལ་	PART
བུད་མེད་	བུད་མེད་	NOUN
བདེ་བ་	བདེ་བ་	VERB
ས་	གིས་	PART
སེམས་	སེམས་	NOUN
དྲངས་	དྲངས་	NO_POS
ཤིང་	ཅིང་	PART
། །		PUNCT
དཔལ་ལྡན་	དཔལ་ལྡན་	ADJ
ཤེས་རབ་	ཤེས་རབ་	NOUN
བདེ་	བདེ་	VERB
ཉམས་	ཉམས་	NOUN
རྡོ་རྗེ་	རྡོ་རྗེ་	NOUN
འི་	གི་	PART
ཚིག་	ཚིག་	NOUN
བཅོམ་	བཅོམ་	VERB
ཕྱི་	ཕྱི་	NOUN
ཡི་	གི་	PART
ལོངས་སྤྱོད་	ལོངས་སྤྱོད་	NOUN
རྣམས་	རྣམས་	DET
ཀྱིས་	གིས་	PART
ཟིལ་	ཟིལ་	NOUN
མནན་པ་	མནན་པ་	VERB
འོ་	གོ་	PART
། །		PUNCT
ཞེ་	ཅེས་	PART
དང་	དང་	NO_POS
།		PUNCT
གང་དག་	གང་དག་	NO_POS
མངོན་ཤེས་	མངོན་ཤེས་	NOUN
ལྔ་	ལྔ་	NUM
མེད་	མེད་	VERB
དེ་དག་	དེ་དག་	OTHER
བདག་ཅག་	བདག་ཅག་	PRON
རྒྱལ་དབང་	རྒྱལ་དབང་	NOUN
ཡིན་	ཡིན་	NO_POS
ཞེ་	ཅེས་	PART
བདེན་པ་	བདེན་པ་	VERB
མིན་པ་	མིན་པ་	VERB
སྨྲ་	སྨྲ་	VERB
། །		PUNCT
མ་འོངས་	མ་འོངས་	NOUN
དུས་	དུས་	NOUN
ན་	ལ་	PART
རྟག་	རྟག་	VERB
ཏུ་	ལ་	PART
རྟོག་གེ་	རྟོག་གེ་	NOUN
ལ་སོགས་	ལ་སོགས་	NO_POS
བསྟན་ཆོས་	བསྟན་ཆོས་	NO_POS
ལ་	ལ་	PART
གཏད་	གཏད་	VERB
སྣ་ཚོགས་	སྣ་ཚོགས་	DET
བློ་	བློ་	NOUN
ས་	གིས་	PART
། །		PUNCT
སངས་རྒྱས་པ་	སངས་རྒྱས་པ་	NOUN
ཡང་	ཀྱང་	PART
གཞན་	གཞན་	DET
གྱི་	གི་	PART
རྟོག་གེ་	རྟོག་གེ་	NOUN
དང་	དང་	NO_POS
ཕྲད་	ཕྲད་	VERB
དབང་	དབང་	NOUN
གིས་	གིས་	PART
ལོག་པ་	ལོག་པ་	VERB
ར་	ལ་	PART
འབྱུང་འགྱུར་	འབྱུང་འགྱུར་	NOUN
ཏེ་	སྟེ་	PART
། །		PUNCT
རྟོག་གེ་	རྟོག་གེ་	NOUN
ལ་	ལ་	PART
གཏད་	གཏད་	VERB
དེ་	སྟེ་	PART
ཡི་	གིས་	PART
འདོད་པ་	འདོད་པ་	VERB
འི་	གི་	PART
ཡུལ་	ཡུལ་	NOUN
ལ་	ལ་	PART
ལམ་	གམ་	PART
ནི་	ནི་	NO_POS
སྟོན་པ་	སྟོན་པ་	NOUN
བྱེད་པ་	བྱེད་པ་	VERB
གང་	གང་	NO_POS
། །		PUNCT
དེ་	སྟེ་	PART
རྣམས་	རྣམས་	DET
ཉིད་	ཉིད་	DET
ཀྱི་	གི་	PART
བློ་ངན་	བློ་ངན་	NOUN
སྐྱོན་	སྐྱོན་	NOUN
ནི་	ནི་	NO_POS
འཇོམས་བྱེད་	འཇོམས་བྱེད་	NO_POS
རྒྱས་འགྲེལ་	རྒྱས་འགྲེལ་	OTHER
བདག་	བདག་	PRON
གིས་	གིས་	PART
བྲི་བ་	བྲི་བ་	VERB
ར་	ལ་	PART
བྱ་	བྱ་	VERB
། །		PUNCT
ཞེ་	ཅེས་	PART
དང་	དང་	NO_POS
།		PUNCT
འཕགས་པ་	འཕགས་པ་	VERB
རྡོ་རྗེ་	རྡོ་རྗེ་	NOUN
འི་	གི་	PART
སྙིང་པོ་	སྙིང་པོ་	NOUN
འི་	གི་	PART
ཞལ་སྔ་	ཞལ་སྔ་	NOUN
ན་	ནས་	PART
ཀྱང་	ཀྱང་	PART
།		PUNCT
སྙིགས་མ་	སྙིགས་མ་	NOUN
ལྔ་	ལྔ་	NUM
ཡི་	གི་	PART
དུས་	དུས་	NOUN
འདི་རུ་	འདི་རུ་	NO_POS
། །		PUNCT
སློབ་དཔོན་	སློབ་དཔོན་	NOUN
གང་	གང་	NO_POS
རྣམས་	རྣམས་	DET
འབྱུང་འགྱུར་བ་	འབྱུང་འགྱུར་བ་	NOUN
། །		PUNCT
རྣལ་འབྱོར་	རྣལ་འབྱོར་	NOUN
སྤྱོད་པ་	སྤྱོད་པ་	VERB
སྟོན་	སྟོན་	VERB
བྱེད་	བྱེད་	VERB
ཅིང་	ཅིང་	PART
། །		PUNCT
ཡང་དག་	ཡང་དག་	ADJ
ལམ་	གམ་	PART
ལ་	ལ་	PART
གནས་མིན་པ་	གནས་མིན་པ་	NO_POS
། །		PUNCT
འགྲེལ་པ་	འགྲེལ་པ་	NOUN
མེད་པ་	མེད་པ་	VERB
ཉུང་ངུ་	ཉུང་ངུ་	ADJ
འི་	གི་	PART
རྒྱུད་	རྒྱུད་	NOUN
། །		PUNCT
སྟོན་པ་	སྟོན་པ་	NOUN
ར་	ལ་	PART
བྱེད་པ་	བྱེད་པ་	VERB
ཚུལ་	ཚུལ་	NOUN
ངན་པ་	ངན་པ་	VERB
། །		PUNCT
གཞན་	གཞན་	DET
གྱི་	གི་	PART
བུད་མེད་	བུད་མེད་	NOUN
ནོར་	ནོར་	NOUN
འདོད་པ་	འདོད་པ་	VERB
ས་	གིས་	PART
། །		PUNCT
དམྱལ་བ་	དམྱལ་བ་	NOUN
ར་	ལ་	PART
འགྲོ་བ་	འགྲོ་བ་	VERB
ཆེ་	ཆེ་	VERB
བརྩོན་པ་	བརྩོན་པ་	VERB
། །		PUNCT
མངོན་ཤེས་	མངོན་ཤེས་	NOUN
ལྔ་	ལྔ་	NUM
སོགས་	སོགས་	DET
མེད་པ་	མེད་པ་	VERB
ར་	ལ་	PART
ནི་	ནི་	NO_POS
། །		PUNCT
ཁ་ཅིག་	ཁ་ཅིག་	PRON
འགྲེལ་པ་	འགྲེལ་པ་	NOUN
བྱེད་པ་	བྱེད་པ་	VERB
ར་	ལ་	PART
འགྱུར་	འགྱུར་	VERB
། །		PUNCT
རྟོག་གེ་	རྟོག་གེ་	NOUN
འི་	གི་	PART
བསྟན་ཆོས་	བསྟན་ཆོས་	NO_POS
ང་རྒྱལ་	ང་རྒྱལ་	NOUN
གྱིས་	གིས་	PART
། །		PUNCT
རྣལ་འབྱོར་	རྣལ་འབྱོར་	NOUN
སྤྱོད་	སྤྱོད་	VERB
ལ་	ལ་	PART
བརྙས་པ་	བརྙས་པ་	VERB
ར་	ལ་	PART
བྱེད་	བྱེད་	VERB
། །		PUNCT
སངས་རྒྱས་	སངས་རྒྱས་	NOUN
རྡོ་རྗེ་	རྡོ་རྗེ་	NOUN
སེམས་དཔའ་	སེམས་དཔའ་	NOUN
ཉིད་	ཉིད་	DET
། །		PUNCT
འབད་པ་	འབད་པ་	VERB
ས་	གིས་	PART
དབང་	དབང་	NOUN
གིས་	གིས་	PART
བཟུང་	བཟུང་	NO_POS
ན་	ནས་	PART
སོ་	གོ་	PART
། །		PUNCT
བདག་	བདག་	PRON
ནི་	ནི་	NO_POS
རྡོ་རྗེ་	རྡོ་རྗེ་	NOUN
འཛིན་པ་	འཛིན་པ་	VERB
ལ་	ལ་	ADP
ས་	གིས་	PART
། །		PUNCT
མི་	མི་	PART
འགའ་ཞིག་	འགའ་ཞིག་	OTHER
ལ་	ལ་	PART
སྨྲ་བ་	སྨྲ་བ་	VERB
ར་	ལ་	PART
འགྱུར་	འགྱུར་	VERB
། །		PUNCT
ཚུལ་ཁྲིམས་	ཚུལ་ཁྲིམས་	NOUN
སྡོམ་པ་	སྡོམ་པ་	NOUN
འཛིན་པ་	འཛིན་པ་	VERB
ཡི་	གི་	PART
། །		PUNCT
དགེ་སློང་	དགེ་སློང་	NOUN
ཀུན་	ཀུན་	DET
ལ་	ལ་	PART
ཕྱག་	ཕྱག་	NOUN
མི་	མི་	PART
བྱེད་	བྱེད་	VERB
། །		PUNCT
ས་	ས་	ADP
ལ་	ལ་	PART
རྡོ་རྗེ་	རྡོ་རྗེ་	NOUN
འཛིན་	འཛིན་	VERB
རང་ཉིད་	རང་ཉིད་	OTHER
། །		PUNCT
གོ་	གོ་	NOUN
དཀ་	དཀའ་	VERB
ར་	ལ་	PART
ཅན་	ཅན་	PART
བདག་	བདག་	PRON
ཕྱག་འོས་	ཕྱག་འོས་	NO_POS
ཟེ་	ཟེ་	VERB
། །		PUNCT
བསྟེན་	བསྟེན་	VERB
བྱེད་	བྱེད་	VERB
ཚོང་པ་	ཚོང་པ་	NOUN
དམངས་རིགས་	དམངས་རིགས་	PROPN
དང་	དང་	NO_POS
། །		PUNCT
གང་	གང་	NO_POS
རྣམས་	རྣམས་	DET
ཞིང་བ་	ཞིང་བ་	PART
འི་	གི་	PART
ལ་	ལ་	ADP
ས་	གིས་	PART
ལ་	ལ་	PART
དགའ་	དགའ་	VERB
། །		PUNCT
རྨོངས་པ་	རྨོངས་པ་	VERB
འི་	གི་	PART
དམ་ཆོས་	དམ་ཆོས་	NOUN
འཚོང་	འཚོང་	NO_POS
བྱེད་པ་	བྱེད་པ་	VERB
། །		PUNCT
བླང་	བླང་	NO_POS
བྱ་	བྱ་	VERB
མ་	མ་	PART
ཡིན་	ཡིན་	NO_POS
ལོངས་སྤྱོད་པ་	ལོངས་སྤྱོད་པ་	NOUN
། །		PUNCT
བདུད་	བདུད་	NOUN
ཀྱི་	གི་	PART
རིགས་	རིགས་	NOUN
གཏོགས་	གཏོགས་	VERB
དེ་	སྟེ་	PART
རྣམས་	རྣམས་	DET
ནི་	ནི་	NO_POS
། །		PUNCT
སློབ་མ་	སློབ་མ་	NOUN
རྣམས་	རྣམས་	DET
ཀྱི་	གི་	PART
བླ་མ་	བླ་མ་	NOUN
ར་	ལ་	PART
འགྱུར་	འགྱུར་	VERB
། །		PUNCT
ཞེ་	ཅེས་	PART
དང་	དང་	NO_POS
།		PUNCT
ཟབ་	ཟབ་	VERB
ཅིང་	ཅིང་	PART
རྒྱ་	རྒྱ་	NOUN
ཆེ་	ཆེ་	VERB
འི་	གི་	PART
ཆོ་	ཆོ་	NOUN
རྣམས་	རྣམས་	DET
ཀྱི་	གི་	PART
"།

།"		PUNCT
སྐལ་བ་	སྐལ་བ་	NOUN
བྲལ་བ་	བྲལ་བ་	VERB
འི་	གི་	PART
བདག་ཉིད་	བདག་ཉིད་	NOUN
ལ་	ལ་	PART
། །		PUNCT
ཕྱག་རྒྱ་	ཕྱག་རྒྱ་	NOUN
དཀྱིལ་འཁོར་	དཀྱིལ་འཁོར་	NOUN
སྔགས་	སྔགས་	NOUN
སོགས་	སོགས་	DET
གང་	གང་	NO_POS
། །		PUNCT
ཡིད་འོང་	ཡིད་འོང་	ADJ
བདག་	བདག་	PRON
གིས་	གིས་	PART
བསྟན་པ་	བསྟན་པ་	VERB
ཡིན་	ཡིན་	NO_POS
། །		PUNCT
ཕྱག་རྒྱ་	ཕྱག་རྒྱ་	NOUN
དཀྱིལ་འཁོར་	དཀྱིལ་འཁོར་	NOUN
སྔགས་	སྔགས་	NOUN
སོགས་	སོགས་	DET
ཀྱིས་	གིས་	PART
། །		PUNCT
སངས་རྒྱས་	སངས་རྒྱས་	NOUN
རྡོ་རྗེ་	རྡོ་རྗེ་	NOUN
སེམས་དཔའ་	སེམས་དཔའ་	NOUN
ཉིད་	ཉིད་	DET
། །		PUNCT
སྟོན་པ་	སྟོན་པ་	NOUN
ར་	ལ་	PART
བྱེད་པ་	བྱེད་པ་	VERB
མ་འོངས་པ་	མ་འོངས་པ་	OTHER
འི་	གི་	PART
། །		PUNCT
སློབ་དཔོན་	སློབ་དཔོན་	NOUN
རྣམས་	རྣམས་	DET
ནི་	ནི་	NO_POS
བདུད་	བདུད་	NOUN
ཀྱི་	གི་	PART
རིགས་	རིགས་	NOUN
། །		PUNCT
ཞེ་	ཅེས་	PART
དང་	དང་	NO_POS
།		PUNCT
གང་ཞིག་	གང་ཞིག་	NO_POS
འགྲེལ་པ་	འགྲེལ་པ་	NOUN
མེད་པ་	མེད་པ་	VERB
ར་	ལ་	PART
ཉུང་	ཉུང་	VERB
རྒྱུད་	རྒྱུད་	NOUN
ངེས་པ་		
བཏུས་	བཏུས་	NO_POS
ལ་	ལ་	PART
གསང་ཚིག་	གསང་ཚིག་	NOUN
སྟོན་	སྟོན་	VERB
བྱེད་པ་	བྱེད་པ་	VERB
། །		PUNCT
དེ་	སྟེ་	PART
ནི་	ནི་	NO_POS
ལོང་བ་	ལོང་བ་	VERB
ཆུ་	ཆུ་	NOUN
ལ་	ལ་	PART
སྦྲུལ་	སྦྲུལ་	NOUN
ཞུགས་	ཞུགས་	VERB
ཡུན་རིང་	ཡུན་རིང་	NOUN
ལོན་པ་	ལོན་པ་	VERB
འི་	གི་	PART
རྗེས་	རྗེས་	NOUN
ལ་	ལ་	PART
ལྟ་བ་	ལྟ་བ་	VERB
བཞིན་	བཞིན་	NOUN
། །		PUNCT
ཞེ་	ཅེས་	PART
དང་	དང་	NO_POS
།		PUNCT
བཅོམ་ལྡན་འདས་	བཅོམ་ལྡན་འདས་	NOUN
ཀྱིས་	གིས་	PART
མཐའ་	མཐའ་	NOUN
དྲུག་	དྲུག་	NUM
གིས་	གིས་	PART
བསྐོར་	བསྐོར་	VERB
འདུས་པ་	འདུས་པ་	VERB
ལ་སོགས་	ལ་སོགས་	NO_POS
རྒྱུད་	རྒྱུད་	NOUN
རྣམས་	རྣམས་	DET
གང་	གང་	NO_POS
གསུང་བ་	གསུང་བ་	VERB
། །		PUNCT
བསྟན་བཅོས་	བསྟན་བཅོས་	NOUN
མཁས་པ་	མཁས་པ་	VERB
འི་	གི་	PART
ང་རྒྱལ་	ང་རྒྱལ་	NOUN
གཅོད་བྱེད་	གཅོད་བྱེད་	OTHER
དེ་	སྟེ་	PART
ནི་	ནི་	NO_POS
རྟོག་གེ་	རྟོག་གེ་	NOUN
ས་	གིས་	PART
རྟོགས་	རྟོགས་	VERB
བྱ་	བྱ་	VERB
ག་ལ་	ག་ལ་	NO_POS
ཡིན་	ཡིན་	NO_POS
། །		PUNCT
ཞེ་	ཅེས་	PART
དང་	དང་	NO_POS
།		PUNCT
གསང་བདག་	གསང་བདག་	OTHER
ཕྱག་	ཕྱག་	NOUN
ན་	ལ་	PART
རྡོ་རྗེ་	རྡོ་རྗེ་	NOUN
འི་	གི་	PART
ཞལ་སྔ་	ཞལ་སྔ་	NOUN
ན་	ནས་	PART
ཀྱང་	ཀྱང་	PART
།		PUNCT
དེ་ལྟ་	དེ་ལྟ་	NO_POS
བསྡུས་པ་	བསྡུས་པ་	VERB
འི་	གི་	PART
རྒྱུད་	རྒྱུད་	NOUN
ཐམས་ཅད་	ཐམས་ཅད་	DET
དུ་	ལ་	PART
གསུངས་པ་	གསུངས་པ་	VERB
འི་	གི་	PART
དོན་	དོན་	NOUN
ནི་	ནི་	NO_POS
།		PUNCT
གཙོ་བོ་	གཙོ་བོ་	ADJ
ར་	ལ་	PART
རྩ་བ་	རྩ་བ་	NOUN
འི་	གི་	PART
རྒྱུད་	རྒྱུད་	NOUN
དམ་	གམ་	PART
།		PUNCT
བྱང་ཆུབ་	བྱང་ཆུབ་	NOUN
སེམས་དཔའ་	སེམས་དཔའ་	NOUN
རྣམས་	རྣམས་	DET
ཀྱིས་	གིས་	PART
མཛད་པ་	མཛད་པ་	VERB
འི་	གི་	PART
རྒྱས་འགྲེལ་	རྒྱས་འགྲེལ་	OTHER
གྱིས་	གིས་	PART
མཐའ་	མཐའ་	NOUN
དྲུག་	དྲུག་	NUM
གི་	གི་	PART
དོན་	དོན་	NOUN
འདི་	འདི་	DET
ཐམས་ཅད་	ཐམས་ཅད་	DET
ཡུལ་	ཡུལ་	NOUN
གཞན་	གཞན་	DET
ལྷོ་	ལྷོ་	NOUN
དང་	དང་	NO_POS
བྱང་	བྱང་	NOUN
དུ་	ལ་	PART
སོང་	སོང་	VERB
སྟེ་	སྟེ་	PART
ཤེས་པ་	ཤེས་པ་	VERB
ར་	ལ་	PART
བྱ་	བྱ་	VERB
འོ་	གོ་	PART
། །		PUNCT
གཞན་	གཞན་	DET
དུ་	ལ་	PART
མཁས་པ་	མཁས་པ་	VERB
མངོན་པ་	མངོན་པ་	VERB
འི་	གི་	PART
ང་རྒྱལ་	ང་རྒྱལ་	NOUN
དང་	དང་	NO_POS
ལྡན་པ་	ལྡན་པ་	VERB
རྣམས་	རྣམས་	DET
ཀྱིས་	གིས་	PART
བྱས་པ་	བྱས་པ་	VERB
འི་	གི་	PART
རྒྱས་འགྲེལ་	རྒྱས་འགྲེལ་	OTHER
གྱིས་	གིས་	PART
གསང་བ་	གསང་བ་	VERB
འི་	གི་	PART
དོན་	དོན་	NOUN
རྟོགས་པ་	རྟོགས་པ་	VERB
ར་	ལ་	PART
མི་	མི་	PART
འགྱུར་	འགྱུར་	VERB
རོ་	རོ་	NOUN
། །		PUNCT
ཞེ་	ཅེས་	PART
བཅོམ་ལྡན་འདས་	བཅོམ་ལྡན་འདས་	NOUN
ཀྱིས་	གིས་	PART
གསུངས་	གསུངས་	VERB
སོ་	གོ་	PART
། །		PUNCT
ཞེ་	ཅེས་	PART
སོ་	གོ་	PART
། །		PUNCT
རྒྱ་གར་	རྒྱ་གར་	PROPN
གྱི་	གི་	PART
ཡུལ་	ཡུལ་	NOUN
དུ་	ལ་	PART
སོ་སོ་	སོ་སོ་	PRON
འི་	གི་	PART
སྐྱེ་བོ་	སྐྱེ་བོ་	NOUN
འི་	གི་	PART
པཎྜི་ཏ་	པཎྜི་ཏ་	NOUN
དང་	དང་	NO_POS
།		PUNCT
རྡོ་རྗེ་	རྡོ་རྗེ་	NOUN
སློབ་དཔོན་	སློབ་དཔོན་	NOUN
ལ་སོགས་པ་	ལ་སོགས་པ་	NO_POS
རྣམས་	རྣམས་	DET
ཀྱིས་	གིས་	PART
ར་	ར་	ADP
ར་	ལ་	PART
བཟོ་	བཟོ་	NO_POS
དང་	དང་	NO_POS
།		PUNCT
གཟུ་ལུམ་	གཟུ་ལུམ་	NO_POS
དང་	དང་	NO_POS
།		PUNCT
བྱ་བ་	བྱ་བ་	VERB
མ་ཡིན་པ་	མ་ཡིན་པ་	OTHER
བྱེད་པ་	བྱེད་པ་	VERB
ལ་སོགས་པ་	ལ་སོགས་པ་	NO_POS
འབྱུང་བ་	འབྱུང་བ་	VERB
ར་	ལ་	PART
ལུང་བསྟན་པ་	ལུང་བསྟན་པ་	NOUN
འདི་ལྟ་སྟེ་	འདི་ལྟ་སྟེ་	NO_POS
།		PUNCT
རྗེ་བཙུན་	རྗེ་བཙུན་	NOUN
སྤྱན་རས་	སྤྱན་རས་	NO_POS
གཟིགས་	གཟིགས་	VERB
དབང་ཕྱུག་	དབང་ཕྱུག་	NOUN
གི་	གི་	PART
ཞལ་སྔ་	ཞལ་སྔ་	NOUN
ན་	ནས་	PART
།		PUNCT
འཕགས་པ་	འཕགས་པ་	VERB
འི་	གི་	PART
ཡུལ་	ཡུལ་	NOUN
འདི་	འདི་	DET
ར་	ལ་	PART
མ་འོངས་པ་	མ་འོངས་པ་	OTHER
འི་	གི་	PART
དུས་	དུས་	NOUN
ན་	ལ་	PART
།		PUNCT
རྡོ་རྗེ་	རྡོ་རྗེ་	NOUN
སློབ་དཔོན་	སློབ་དཔོན་	NOUN
རྫ་	རྫ་	NOUN
ལ་	ལ་	PART
བརྐམ་པ་	བརྐམ་པ་	VERB
དག་	དག་	DET
འབྱུང་བ་	འབྱུང་བ་	VERB
ར་	ལ་	PART
འགྱུར་	འགྱུར་	VERB
ཏེ་	སྟེ་	PART
།		PUNCT
ཕྱུག་པོ་	ཕྱུག་པོ་	ADJ
འི་	གི་	PART
རྫ་	རྫ་	NOUN
ཀྱིས་	གིས་	PART
མངཽན་པ་	མངཽན་པ་	NON_WORD
ར་	ལ་	PART
ཁེངས་པ་	ཁེངས་པ་	VERB
རྣམས་	རྣམས་	DET
ཀྱི་	གི་	PART
ཁྱིམ་	ཁྱིམ་	NOUN
དུ་	ལ་	PART
སོང་	སོང་	VERB
ན་	ནས་	PART
རྫ་	རྫ་	NOUN
ཀྱི་	གི་	PART
དོན་	དོན་	NOUN
དུ་	ལ་	PART
ཆོ་	ཆོ་	NOUN
འཚོང་བ་	འཚོང་བ་	VERB
ར་	ལ་	PART
བྱེད་པ་	བྱེད་པ་	VERB
ར་	ལ་	PART
འགྱུར་བ་	འགྱུར་བ་	VERB
དང་	དང་	NO_POS
།		PUNCT
རྫ་	རྫ་	NOUN
ལ་	ལ་	PART
ཆགས་པ་	ཆགས་པ་	VERB
ས་	གིས་	PART
སྐལ་བ་	སྐལ་བ་	NOUN
དང་	དང་	NO_POS
མི་	མི་	PART
ལྡན་པ་	ལྡན་པ་	VERB
རྣམས་	རྣམས་	DET
ལ་	ལ་	PART
འཇིག་རྟེན་	འཇིག་རྟེན་	NOUN
ལ་	ལ་	ADP
ས་	གིས་	PART
འདས་པ་	འདས་པ་	VERB
འི་	གི་	PART
དབང་	དབང་	NOUN
སྟེར་བ་	སྟེར་བ་	VERB
ར་	ལ་	PART
འགྱུར་བ་	འགྱུར་བ་	VERB
དང་	དང་	NO_POS
།		PUNCT
དང་པོ་	དང་པོ་	ADJ
རྒྱལ་པོ་	རྒྱལ་པོ་	NOUN
ལ་སོགས་པ་	ལ་སོགས་པ་	NO_POS
འི་	གི་	PART
མངག་གཞུག་པ་	མངག་གཞུག་པ་	NOUN
ཕྱི་	ཕྱི་	NOUN
ན་	ནས་	PART
བླ་མ་	བླ་མ་	NOUN
ར་	ལ་	PART
འགྱུར་བ་	འགྱུར་བ་	VERB
དང་	དང་	NO_POS
།		PUNCT
རྫ་	རྫ་	NOUN
ཀྱི་	གི་	PART
དམན་པ་	དམན་པ་	VERB
འི་	གི་	PART
མི་དགེ་བ་	མི་དགེ་བ་	NO_POS
བཅུ་	བཅུ་	NUM
འི་	གི་	PART
ལ་	ལ་	ADP
ས་	གིས་	PART
ཀྱི་	གི་	PART
ལམ་	གམ་	PART
ཡོངས་སུ་	ཡོངས་སུ་	NO_POS
སྤངས་	སྤངས་	VERB
ཤིང་	ཅིང་	PART
སེམས་ཅན་	སེམས་ཅན་	NOUN
སྐལ་བ་	སྐལ་བ་	NOUN
དང་	དང་	NO_POS
ལྡན་པ་	ལྡན་པ་	VERB
ར་	ལ་	PART
གྱུར་པ་	གྱུར་པ་	VERB
གཞན་	གཞན་	DET
རྣམས་	རྣམས་	DET
ལ་	ལ་	PART
འཇིག་རྟེན་	འཇིག་རྟེན་	NOUN
ལ་	ལ་	ADP
ས་	གིས་	PART
འདས་པ་	འདས་པ་	VERB
འི་	གི་	PART
དབང་	དབང་	NOUN
མི་	མི་	PART
སྟེར་པ་	སྟེར་པ་	VERB
ར་	ལ་	PART
འགྱུར་བ་	འགྱུར་བ་	VERB
དང་	དང་	NO_POS
།		PUNCT
དེ་	སྟེ་	PART
རྣམས་	རྣམས་	DET
ལ་	ལ་	PART
ཉོན་མོངས་པ་	ཉོན་མོངས་པ་	NOUN
བསྐྱེད་པ་	བསྐྱེད་པ་	VERB
ར་	ལ་	PART
འགྱུར་བ་	འགྱུར་བ་	VERB
དང་	དང་	NO_POS
།		PUNCT
རྫ་	རྫ་	NOUN
ཀྱི་	གི་	PART
དབང་	དབང་	NOUN
གིས་	གིས་	PART
གདུག་པ་	གདུག་པ་	ADJ
འི་	གི་	PART
སེམས་ཅན་	སེམས་ཅན་	NOUN
རྣམས་	རྣམས་	DET
ལ་	ལ་	PART
རྡོ་རྗེ་	རྡོ་རྗེ་	NOUN
འི་	གི་	PART
ཚིག་	ཚིག་	NOUN
རབ་ཏུ་	རབ་ཏུ་	NO_POS
གསལ་བ་	གསལ་བ་	VERB
ར་	ལ་	PART
བྱེད་པ་	བྱེད་པ་	VERB
ར་	ལ་	PART
འགྱུར་བ་	འགྱུར་བ་	VERB
དང་	དང་	NO_POS
།		PUNCT
གཞན་	གཞན་	DET
ཡང་	ཀྱང་	PART
རྡོ་རྗེ་	རྡོ་རྗེ་	NOUN
འི་	གི་	PART
ཚིག་	ཚིག་	NOUN
མི་	མི་	PART
ཤེས་པ་	ཤེས་པ་	VERB
ཕན་ཚུན་	ཕན་ཚུན་	ADV
རྩོད་པ་	རྩོད་པ་	VERB
བྱེད་པ་	བྱེད་པ་	VERB
ར་	ལ་	PART
འགྱུར་བ་	འགྱུར་བ་	VERB
དང་	དང་	NO_POS
།		PUNCT
མཁས་པ་	མཁས་པ་	VERB
འི་	གི་	PART
མངོན་པ་	མངོན་པ་	OTHER
ཁེངས་པ་	ཁེངས་པ་	VERB
ས་	གིས་	PART
།		PUNCT
རྒྱུད་	རྒྱུད་	NOUN
ཀྱི་	གི་	PART
དོན་	དོན་	NOUN
མི་	མི་	PART
ཤེས་པ་	ཤེས་པ་	VERB
རྣམས་	རྣམས་	DET
ཀྱང་	ཀྱང་	PART
རྒྱུད་	རྒྱུད་	NOUN
ཀྱི་	གི་	PART
རྒྱས་འགྲེལ་	རྒྱས་འགྲེལ་	OTHER
བྱེད་པ་	བྱེད་པ་	VERB
ར་	ལ་	PART
འགྱུར་བ་	འགྱུར་བ་	VERB
དང་	དང་	NO_POS
།		PUNCT
བདུད་	བདུད་	NOUN
ཀྱི་	གི་	PART
རི་	རི་	NOUN
རྣམས་	རྣམས་	DET
སེམས་ཅན་	སེམས་ཅན་	NOUN
རྣམས་	རྣམས་	DET
ཀྱི་	གི་	PART
བླ་མ་	བླ་མ་	NOUN
ར་	ལ་	PART
གྱུར་	གྱུར་	VERB
ན་	ནས་	PART
རྡོ་རྗེ་	རྡོ་རྗེ་	NOUN
འི་	གི་	PART
ཚིག་	ཚིག་	NOUN
ཕྱིན་	ཕྱིན་	VERB
ཅི་	ཅི་	NO_POS
ལོག་	ལོག་	VERB
ཏུ་	ལ་	PART
སྟོན་པ་	སྟོན་པ་	NOUN
ར་	ལ་	PART
འགྱུར་བ་	འགྱུར་བ་	VERB
དང་	དང་	NO_POS
།		PUNCT
སངས་རྒྱས་	སངས་རྒྱས་	NOUN
ཀྱི་	གི་	PART
ཡེ་ཤེས་	ཡེ་ཤེས་	NOUN
དབང་པོ་	དབང་པོ་	NOUN
གཉིས་	གཉིས་	NUM
ལ་	ལ་	ADP
ས་	གིས་	PART
སྐྱེས་པ་	སྐྱེས་པ་	VERB
འི་	གི་	PART
བདེ་བ་	བདེ་བ་	VERB
ར་	ལ་	PART
བྱིས་པ་	བྱིས་པ་	NOUN
འི་	གི་	PART
བློ་	བློ་	NOUN
ཅན་	ཅན་	PART
རྣམས་	རྣམས་	DET
ལ་	ལ་	PART
སྟོན་པ་	སྟོན་པ་	NOUN
ར་	ལ་	PART
འགྱུར་བ་	འགྱུར་བ་	VERB
དང་	དང་	NO_POS
།		PUNCT
གསུམ་པ་	གསུམ་པ་	NUM
ཤེས་རབ་	ཤེས་རབ་	NOUN
ཡེ་ཤེས་	ཡེ་ཤེས་	NOUN
དེ་ཉིད་	དེ་ཉིད་	NOUN
བཞི་པ་	བཞི་པ་	ADJ
སྟེ་	སྟེ་	PART
།		PUNCT
དེ་ཡང་	དེ་ཡང་	ADV
དེ་བཞིན་	དེ་བཞིན་	OTHER
ནོ་	གོ་	PART
ཞེས་་	ཞེས་པ་	PART
འི་	གི་	PART
སྒྲ་	སྒྲ་	NOUN
ས་	གིས་	PART
རྒྱུ་	རྒྱུ་	NOUN
དང་	དང་	NO_POS
འབྲས་བུ་	འབྲས་བུ་	NOUN
དབྱེ་བ་	དབྱེ་བ་	VERB
མེད་པ་	མེད་པ་	VERB
ར་	ལ་	PART
བཅོམ་ལྡན་འདས་	བཅོམ་ལྡན་འདས་	NOUN
ཀྱིས་	གིས་	PART
གསུངས་	གསུངས་	VERB
སོ་	གོ་	PART
། །		PUNCT
ཞེ་	ཅེས་	PART
གསུམ་པ་	གསུམ་པ་	NUM
འི་	གི་	PART
ཡེ་ཤེས་	ཡེ་ཤེས་	NOUN
སངས་རྒྱས་	སངས་རྒྱས་	NOUN
ཀྱི་	གི་	PART
ཡེ་ཤེས་	ཡེ་ཤེས་	NOUN
སུ་	ལ་	PART
སྨྲ་བ་	སྨྲ་བ་	VERB
ར་	ལ་	PART
འགྱུར་བ་	འགྱུར་བ་	VERB
དང་	དང་	NO_POS
།		PUNCT
འཕགས་པ་	འཕགས་པ་	VERB
འི་	གི་	PART
ཡུལ་	ཡུལ་	NOUN
གང་	གང་	NO_POS
དུ་	ལ་	PART
མཁས་པ་	མཁས་པ་	VERB
འི་	གི་	PART
མངོན་པ་	མངོན་པ་	OTHER
ཁེངས་པ་	ཁེངས་པ་	VERB
ས་	གིས་	PART
གླེགས་བམ་	གླེགས་བམ་	NOUN
མཐོང་	མཐོང་	VERB
ན་	ནས་	PART
དབང་	དབང་	NOUN
བསྐུར་	བསྐུར་	NO_POS
མེད་པ་	མེད་པ་	VERB
ར་	ལ་	PART
རྡོ་རྗེ་	རྡོ་རྗེ་	NOUN
ཐེག་པ་	ཐེག་པ་	NOUN
སྟོན་པ་པོ་	སྟོན་པ་པོ་	NOUN
བྱེད་པ་	བྱེད་པ་	VERB
ར་	ལ་	PART
འགྱུར་བ་	འགྱུར་བ་	VERB
དེ་	དེ་	DET
འི་	གི་	PART
ཕྱི་	ཕྱི་	OTHER
།		PUNCT
དེ་ལྟ་	དེ་ལྟ་	NO_POS
མ་འོངས་པ་	མ་འོངས་པ་	OTHER
འི་	གི་	PART
དུས་	དུས་	NOUN
ཀྱི་	གི་	PART
གདུག་པ་	གདུག་པ་	ADJ
འི་	གི་	PART
སློབ་དཔོན་	སློབ་དཔོན་	NOUN
རྣམས་	རྣམས་	DET
ཀྱི་	གི་	PART
འཇུག་པ་	འཇུག་པ་	VERB
གཟིགས་	གཟིགས་	VERB
ན་	ནས་	PART
།		PUNCT
སངས་རྒྱས་	སངས་རྒྱས་	NOUN
བཅོམ་ལྡན་འདས་	བཅོམ་ལྡན་འདས་	NOUN
ཀྱིས་	གིས་	PART
རྒྱུད་	རྒྱུད་	NOUN
དང་	དང་	NO_POS
རྒྱུད་	རྒྱུད་	NOUN
གཞན་	གཞན་	DET
ཐམས་ཅད་	ཐམས་ཅད་	DET
དུ་	ལ་	PART
བཞི་པ་	བཞི་པ་	ADJ
ཤེས་རབ་	ཤེས་རབ་	NOUN
ཡེ་ཤེས་	ཡེ་ཤེས་	NOUN
ཀྱི་	གི་	PART
དབང་	དབང་	NOUN
གསལ་པོ་	གསལ་པོ་	ADJ
ར་	ལ་	PART
མ་	མ་	PART
མཛད་	མཛད་	VERB
དེ་	སྟེ་	PART
ཞེ་	ཅེས་	PART
གསུངས་	གསུངས་	VERB
སོ་	གོ་	PART
། །		PUNCT
སངས་རྒྱས་	སངས་རྒྱས་	NOUN
ཀྱི་	གི་	PART
ལུང་བསྟན་པ་	ལུང་བསྟན་པ་	NOUN
གསང་བདག་	གསང་བདག་	OTHER
ཕྱག་	ཕྱག་	NOUN
ན་	ལ་	PART
རྡོ་རྗེ་	རྡོ་རྗེ་	NOUN
ས་	གིས་	PART
བདེ་མཆོག་	བདེ་མཆོག་	PROPN
སྟོད་	སྟོད་	NOUN
འགྲེལ་	འགྲེལ་	NOUN
དུ་	ལ་	PART
བཀོད་པ་	བཀོད་པ་	VERB
ཡང་	ཀྱང་	PART
འདི་ལྟ་སྟེ་	འདི་ལྟ་སྟེ་	NO_POS
།		PUNCT
བཅོམ་ལྡན་འདས་	བཅོམ་ལྡན་འདས་	NOUN
ཀྱིས་	གིས་	PART
གསུངས་པ་	གསུངས་པ་	VERB
འདི་	འདི་	DET
ར་	ལ་	PART
སྙིགས་མ་	སྙིགས་མ་	NOUN
ལྔ་	ལྔ་	NUM
འི་	གི་	PART
དུས་	དུས་	NOUN
སུ་	ལ་	PART
འཛམ་བུ་	འཛམ་བུ་	NOUN
འི་	གི་	PART
གླིང་པ་	གླིང་པ་	NOUN
འི་	གི་	PART
མི་	མི་	PART
རྣམས་	རྣམས་	DET
དང་	དང་	NO_POS
ཁྱད་པར་	ཁྱད་པར་	NOUN
དུ་	ལ་	PART
འཕགས་པ་	འཕགས་པ་	VERB
འི་	གི་	PART
ཡུལ་	ཡུལ་	NOUN
དུ་	ལ་	PART
ཚེ་	ཚེ་	NOUN
ཐུང་	ཐུང་	VERB
ཞིང་	ཅིང་	PART
ཤེས་རབ་	ཤེས་རབ་	NOUN
དམན་པ་	དམན་པ་	VERB
འབྱུང་བ་	འབྱུང་བ་	VERB
ར་	ལ་	PART
འགྱུར་	འགྱུར་	VERB
རོ་	རོ་	NOUN
། །		PUNCT
རྡོ་རྗེ་	རྡོ་རྗེ་	NOUN
སློབ་དཔོན་	སློབ་དཔོན་	NOUN
གང་ཡིན་པ་	གང་ཡིན་པ་	NO_POS
དེ་	སྟེ་	PART
རྣམས་	རྣམས་	DET
རྩ་བ་	རྩ་བ་	NOUN
འི་	གི་	PART
ལྟུང་བ་	ལྟུང་བ་	VERB
ལ་	ལ་	PART
འཇུག་པ་	འཇུག་པ་	VERB
འབྱུང་བ་	འབྱུང་བ་	VERB
ར་	ལ་	PART
འགྱུར་	འགྱུར་	VERB
རོ་	རོ་	NOUN
"།

།"		PUNCT
དགེ་སློང་	དགེ་སློང་	NOUN
རྣམས་	རྣམས་	DET
མི་དགེ་བ་	མི་དགེ་བ་	NO_POS
བཅུ་	བཅུ་	NUM
བྱེད་པ་	བྱེད་པ་	VERB
འབྱུང་བ་	འབྱུང་བ་	VERB
ར་	ལ་	PART
འགྱུར་	འགྱུར་	VERB
རོ་	རོ་	NOUN
། །		PUNCT
ཁྱིམ་	ཁྱིམ་	NOUN
ན་	ལ་	PART
གནས་པ་	གནས་པ་	VERB
དཀོན་མཆོག་	དཀོན་མཆོག་	NOUN
གསུམ་	གསུམ་	NUM
གྱི་	གི་	PART
རྫ་	རྫ་	NOUN
ཉེ་བ་		
ལོངས་སྤྱོད་པ་	ལོངས་སྤྱོད་པ་	NOUN
འབྱུང་བ་	འབྱུང་བ་	VERB
ར་	ལ་	PART
འགྱུར་	འགྱུར་	VERB
རོ་	རོ་	NOUN
། །		PUNCT
མཁས་པ་	མཁས་པ་	VERB
རྣམས་	རྣམས་	DET
མ་	མ་	PART
ཐོས་པ་	ཐོས་པ་	VERB
འི་	གི་	PART
རྒྱུད་	རྒྱུད་	NOUN
འཆད་པ་	འཆད་པ་	VERB
འབྱུང་བ་	འབྱུང་བ་	VERB
ར་	ལ་	PART
འགྱུར་	འགྱུར་	VERB
རོ་	རོ་	NOUN
། །		PUNCT
མཁས་པ་	མཁས་པ་	VERB
འི་	གི་	PART
མངོན་པ་	མངོན་པ་	VERB
འི་	གི་	PART
ང་རྒྱལ་	ང་རྒྱལ་	NOUN
གྱིས་	གིས་	PART
རྒྱུད་	རྒྱུད་	NOUN
ལ་	ལ་	PART
དཀའ་འགྲེལ་	དཀའ་འགྲེལ་	NOUN
དང་	དང་	NO_POS
རྒྱས་འགྲེལ་	རྒྱས་འགྲེལ་	OTHER
བྱེད་པ་	བྱེད་པ་	VERB
འབྱུང་བ་	འབྱུང་བ་	VERB
ར་	ལ་	PART
འགྱུར་	འགྱུར་	VERB
རོ་	རོ་	NOUN
། །		PUNCT
རྒྱུད་	རྒྱུད་	NOUN
ཀྱི་	གི་	PART
དོན་	དོན་	NOUN
ཕྱིན་	ཕྱིན་	VERB
ཅི་	ཅི་	NO_POS
ལོག་	ལོག་	VERB
ཏུ་	ལ་	PART
བསྟན་	བསྟན་	VERB
ན་	ནས་	PART
དམྱལ་བ་	དམྱལ་བ་	NOUN
ར་	ལ་	PART
འགྲོ་བ་	འགྲོ་བ་	VERB
འབྱུང་བ་	འབྱུང་བ་	VERB
ར་	ལ་	PART
འགྱུར་	འགྱུར་	VERB
རོ་	རོ་	NOUN
། །		PUNCT
གང་ཞིག་	གང་ཞིག་	NO_POS
སངས་རྒྱས་	སངས་རྒྱས་	NOUN
ལ་	ལ་	PART
རྨོངས་པ་	རྨོངས་པ་	VERB
དེ་	སྟེ་	PART
རྣམས་	རྣམས་	DET
བླུན་པོ་	བླུན་པོ་	ADJ
འི་	གི་	PART
དད་པ་	དད་པ་	VERB
ཉིད་	ཉིད་	DET
ཀྱིས་	གིས་	PART
ཁྱིམ་	ཁྱིམ་	NOUN
ན་	ལ་	PART
གནས་པ་	གནས་པ་	VERB
འི་	གི་	PART
སློབ་དཔོན་	སློབ་དཔོན་	NOUN
རྣམས་	རྣམས་	DET
ལ་	ལ་	PART
བསྙེན་བཀུར་	བསྙེན་བཀུར་	NOUN
བྱེད་པ་	བྱེད་པ་	VERB
ར་	ལ་	PART
འགྱུར་	འགྱུར་	VERB
རོ་	རོ་	NOUN
། །		PUNCT
ཐམས་ཅད་	ཐམས་ཅད་	DET
མཁྱེན་པ་	མཁྱེན་པ་	VERB
འི་	གི་	PART
རྒྱལ་མཚན་	རྒྱལ་མཚན་	NOUN
འཛིན་པ་	འཛིན་པ་	VERB
རྣམས་	རྣམས་	DET
ལ་	ལ་	PART
སུན་	སུན་	NO_POS
འབྱིན་པ་	འབྱིན་པ་	VERB
འབྱུང་བ་	འབྱུང་བ་	VERB
ར་	ལ་	PART
འགྱུར་	འགྱུར་	VERB
རོ་	རོ་	NOUN
། །		PUNCT
སློབ་མ་	སློབ་མ་	NOUN
གང་ཡིན་པ་	གང་ཡིན་པ་	NO_POS
དེ་	སྟེ་	PART
རྣམས་	རྣམས་	DET
བླ་མ་	བླ་མ་	NOUN
དམ་པ་	དམ་པ་	VERB
འི་	གི་	PART
སྐྱོན་	སྐྱོན་	NOUN
ཚོལ་བ་	ཚོལ་བ་	VERB
འབྱུང་བ་	འབྱུང་བ་	VERB
ར་	ལ་	PART
འགྱུར་	འགྱུར་	VERB
རོ་	རོ་	NOUN
། །		PUNCT
བླ་མ་	བླ་མ་	NOUN
དམ་པ་	དམ་པ་	VERB
མ་ཡིན་པ་	མ་ཡིན་པ་	OTHER
བཟའ་བ་	བཟའ་བ་	VERB
དང་	དང་	NO_POS
གཉིས་	གཉིས་	NUM
སུ་	ལ་	PART
མེད་པ་	མེད་པ་	VERB
རྣམས་	རྣམས་	DET
ལ་	ལ་	PART
བསྟོད་པ་	བསྟོད་པ་	VERB
དང་	དང་	NO_POS
མཆོད་པ་	མཆོད་པ་	VERB
བྱེད་པ་	བྱེད་པ་	VERB
ར་	ལ་	PART
འགྱུར་	འགྱུར་	VERB
རོ་	རོ་	NOUN
། །		PUNCT
སངས་རྒྱས་	སངས་རྒྱས་	NOUN
ཀྱི་	གི་	PART
གསུངས་	གསུངས་	VERB
ལ་	ལ་	ADP
ས་	གིས་	PART
བླ་མ་	བླ་མ་	NOUN
མཉེས་པ་	མཉེས་པ་	VERB
ར་	ལ་	PART
བྱ་བ་	བྱ་བ་	VERB
ར་	ལ་	PART
གསུངས་པ་	གསུངས་པ་	VERB
མི་	མི་	PART
བྱེད་པ་	བྱེད་པ་	VERB
ར་	ལ་	PART
འགྱུར་	འགྱུར་	VERB
རོ་	རོ་	NOUN
། །		PUNCT
ཆོས་སྟོན་པ་	ཆོས་སྟོན་པ་	NOUN
པོ་	པོ་	PART
རྣམས་	རྣམས་	DET
མི་དགེ་བ་	མི་དགེ་བ་	NO_POS
བཅུ་	བཅུ་	NUM
ལ་	ལ་	PART
རབ་ཏུ་	རབ་ཏུ་	NO_POS
འཇུག་པ་	འཇུག་པ་	VERB
འབྱུང་བ་	འབྱུང་བ་	VERB
ར་	ལ་	PART
འགྱུར་	འགྱུར་	VERB
རོ་	རོ་	NOUN
། །		PUNCT
སྒྲུབ་པ་པོ་	སྒྲུབ་པ་པོ་	VERB
རྣམས་	རྣམས་	DET
ཕྱི་	ཕྱི་	OTHER
རོལ་	རོལ་	VERB
གྱི་	གི་	PART
བཟའ་བ་	བཟའ་བ་	VERB
དང་	དང་	NO_POS
བཏུང་བ་	བཏུང་བ་	VERB
ལོངས་སྤྱོད་པ་	ལོངས་སྤྱོད་པ་	NOUN
ཆགས་པ་	ཆགས་པ་	VERB
འབྱུང་བ་	འབྱུང་བ་	VERB
ར་	ལ་	PART
འགྱུར་	འགྱུར་	VERB
རོ་	རོ་	NOUN
། །		PUNCT
བུད་མེད་	བུད་མེད་	NOUN
ཀྱི་	གི་	PART
འགྲོ་བ་	འགྲོ་བ་	VERB
རྣམས་	རྣམས་	DET
སུ་	ལ་	PART
འདོད་པ་	འདོད་པ་	VERB
ལ་	ལ་	PART
ཤིན་ཏུ་	ཤིན་ཏུ་	NO_POS
བརྐམ་བ་	བརྐམ་བ་	NO_POS
འབྱུང་བ་	འབྱུང་བ་	VERB
ར་	ལ་	PART
འགྱུར་	འགྱུར་	VERB
རོ་	རོ་	NOUN
། །		PUNCT
དེ་	དེ་	DET
འི་	གི་	PART
ཕྱི་	ཕྱི་	OTHER
བཅོམ་ལྡན་འདས་	བཅོམ་ལྡན་འདས་	NOUN
ཀྱིས་	གིས་	PART
རྩ་བ་	རྩ་བ་	NOUN
འི་	གི་	PART
རྒྱུད་	རྒྱུད་	NOUN
ཐམས་ཅད་	ཐམས་ཅད་	DET
ལ་	ལ་	ADP
ས་	གིས་	PART
བསྡུས་པ་	བསྡུས་པ་	VERB
འི་	གི་	PART
རྒྱུད་	རྒྱུད་	NOUN
བསྟན་	བསྟན་	VERB
ཏོ་	གོ་	PART
། །		PUNCT
དེ་ཡང་	དེ་ཡང་	ADV
རྡོ་རྗེ་	རྡོ་རྗེ་	NOUN
འི་	གི་	PART
ཚིག་	ཚིག་	NOUN
མང་བ་	མང་བ་	VERB
ཉིད་	ཉིད་	DET
ཀྱི་	གི་	PART
ཕྱི་	ཕྱི་	OTHER
ཐར་པ་	ཐར་པ་	VERB
དོན་	དོན་	NOUN
དུ་	ལ་	PART
གཉེར་པ་	གཉེར་པ་	VERB
འི་	གི་	PART
མཁས་པ་	མཁས་པ་	VERB
ཉིད་	ཉིད་	DET
ཀྱི་	གི་	PART
བླ་མ་	བླ་མ་	NOUN
དམ་པ་	དམ་པ་	VERB
ས་	གིས་	PART
ཉེ་བ་		
བསྟན་པ་	བསྟན་པ་	VERB
དང་	དང་	NO_POS
།		PUNCT
བྱང་ཆུབ་	བྱང་ཆུབ་	NOUN
སེམས་དཔའ་	སེམས་དཔའ་	NOUN
རྣམས་	རྣམས་	DET
ཀྱིས་	གིས་	PART
མཛད་པ་	མཛད་པ་	VERB
འི་	གི་	PART
རྒྱས་འགྲེལ་	རྒྱས་འགྲེལ་	OTHER
དང་	དང་	NO_POS
།		PUNCT
རྒྱུད་	རྒྱུད་	NOUN
ནི་	ནི་	NO_POS
རྒྱུད་	རྒྱུད་	NOUN
གཞན་	གཞན་	DET
དུ་	ལ་	PART
གསུངས་པ་	གསུངས་པ་	VERB
ས་	གིས་	PART
ཤེས་པ་	ཤེས་པ་	VERB
ར་	ལ་	PART
བྱ་	བྱ་	VERB
འོ་	གོ་	PART
། །		PUNCT
ཞེས་་	ཞེས་པ་	PART
འོ་	གོ་	PART
། །		PUNCT
ཞེ་	ཅེས་	PART
གསུངས་	གསུངས་	VERB
སོ་	གོ་	PART
། །		PUNCT
དེ་	དེ་	DET
འི་	གི་	PART
ཕྱི་	ཕྱི་	OTHER
པཎྜི་ཏ་	པཎྜི་ཏ་	NOUN
ཡིན་ཚད་	ཡིན་ཚད་	NO_POS
དང་	དང་	NO_POS
།		PUNCT
རྒྱས་འགྲེལ་	རྒྱས་འགྲེལ་	OTHER
ཡིན་ཚད་	ཡིན་ཚད་	NO_POS
དང་	དང་	NO_POS
།		PUNCT
རྒྱ་དཔེ་	རྒྱ་དཔེ་	NOUN
ན་	ལ་	PART
ཡོད་ཚད་	ཡོད་ཚད་	VERB
ལ་	ལ་	PART
ཚང་མ་	ཚང་མ་	OTHER
ར་	ལ་	PART
བྱེད་	བྱེད་	VERB
ཅིང་	ཅིང་	PART
དཔང་	དཔང་	NO_POS
དུ་	ལ་	PART
བྱེད་པ་	བྱེད་པ་	VERB
རྣམས་	རྣམས་	DET
།		PUNCT
སངས་རྒྱས་	སངས་རྒྱས་	NOUN
བྱང་ཆུབ་	བྱང་ཆུབ་	NOUN
སེམས་དཔ་	སེམས་དཔའ་	NOUN
འི་	གི་	PART
གསུངས་	གསུངས་	VERB
འདི་	འདི་	DET
རྣམས་	རྣམས་	DET
དང་	དང་	NO_POS
འགྲིག་	འགྲིག་	VERB
གམ་	གམ་	PART
གཟིགས་པ་	གཟིགས་པ་	VERB
ར་	ལ་	PART
ཞུ་	ཞུ་	VERB
།		PUNCT
དེས་ན་	དེས་ན་	NO_POS
སྐྱོན་	སྐྱོན་	NOUN
དང་	དང་	NO_POS
ཡོན་ཏན་	ཡོན་ཏན་	NOUN
ལེགས་པ་	ལེགས་པ་	VERB
ར་	ལ་	PART
བརྟགས་	བརྟགས་	VERB
ན་	ནས་	PART
ཡོན་ཏན་	ཡོན་ཏན་	NOUN
ལ་	ལ་	PART
གུ་	གུ་	VERB
ཤིང་	ཅིང་	PART
སྐྱོན་	སྐྱོན་	NOUN
བསལ་	བསལ་	VERB
དགོས་	དགོས་	VERB
ཀྱི་	གི་	PART
བླུན་པོ་	བླུན་པོ་	ADJ
འི་	གི་	PART
དད་པ་	དད་པ་	VERB
ལྷག་པོ་	ལྷག་པོ་	NOUN
ཤིན་ཏུ་	ཤིན་ཏུ་	NO_POS
གོལ་བ་	གོལ་བ་	VERB
འི་	གི་	PART
རྒྱུ་	རྒྱུ་	NOUN
ཡིན་	ཡིན་	NO_POS
ཏེ་	སྟེ་	PART
།		PUNCT
དེ་སྐད་	དེ་སྐད་	NO_POS
དུ་	ལ་	PART
དྲི་མེད་	དྲི་མེད་	ADJ
འོད་	འོད་	NOUN
ལ་	ལ་	ADP
ས་	གིས་	PART
།		PUNCT
མཁའ་	མཁའ་	VERB
རྣམས་	རྣམས་	DET
ཡོན་ཏན་	ཡོན་ཏན་	NOUN
ལ་	ལ་	PART
གུ་	གུ་	VERB
ཏེ་	སྟེ་	PART
། །		PUNCT
སངས་རྒྱས་	སངས་རྒྱས་	NOUN
དབང་ཕྱུག་	དབང་ཕྱུག་	NOUN
སོགས་	སོགས་	DET
ལ་	ལ་	PART
མིན་	མིན་	AUX
། །		PUNCT
ཡོན་ཏན་	ཡོན་ཏན་	NOUN
མེ་	མེ་	NOUN
ལ་	ལ་	PART
གུས་པ་	གུས་པ་	VERB
གང་	གང་	NO_POS
། །		PUNCT
དེ་	སྟེ་	PART
བླུན་	བླུན་	VERB
མི་དགེ་	མི་དགེ་	NOUN
འི་	གི་	PART
ལ་	ལ་	ADP
ས་	གིས་	PART
ལ་	ལ་	ADP
ས་	གིས་	PART
སྐྱེ་	སྐྱེ་	VERB
། །		PUNCT
ཞེ་	ཅེས་	PART
སོ་	གོ་	PART
། །		PUNCT
དེས་ན་	དེས་ན་	NO_POS
བླ་མ་	བླ་མ་	NOUN
ཡང་	ཀྱང་	PART
ལེགས་པ་	ལེགས་པ་	VERB
ར་	ལ་	PART
བརྟགས་	བརྟགས་	VERB
ཤིང་	ཅིང་	PART
སྔ་	སྔ་	NOUN
འབྲེལ་བ་	འབྲེལ་བ་	VERB
ཡོད་	ཡོད་	VERB
རུང་	རུང་	SCONJ
མེད་	མེད་	VERB
རུང་	རུང་	SCONJ
དད་པ་	དད་པ་	VERB
ལྷག་པོ་	ལྷག་པོ་	NOUN
མི་	མི་	PART
བྱ་	བྱ་	VERB
སྟེ་	སྟེ་	PART
།		PUNCT
ཇི་སྐད་	ཇི་སྐད་	NO_POS
དུ་	ལ་	PART
།		PUNCT
རྗེ་བཙུན་	རྗེ་བཙུན་	NOUN
སྤྱན་རས་	སྤྱན་རས་	NO_POS
གཟིག་	གཟིག་	OTHER
དབང་ཕྱུག་	དབང་ཕྱུག་	NOUN
གི་	གི་	PART
ཞལ་སྔ་	ཞལ་སྔ་	NOUN
ན་	ནས་	PART
།		PUNCT
སངས་རྒྱས་	སངས་རྒྱས་	NOUN
ཉིད་	ཉིད་	DET
ཀྱི་	གི་	PART
སླད་	སླད་	NOUN
དུ་	ལ་	PART
བླ་མ་	བླ་མ་	NOUN
ཡང་	ཀྱང་	PART
ཡོངས་སུ་	ཡོངས་སུ་	NO_POS
བརྟགས་	བརྟགས་	VERB
ན་	ནས་	PART
མི་	མི་	PART
བསྟེན་	བསྟེན་	VERB
ཏེ་	སྟེ་	PART
རྨོངས་པ་	རྨོངས་པ་	VERB
ཆེན་པོ་	ཆེན་པོ་	ADJ
ཆགས་པ་	ཆགས་པ་	VERB
ས་	གིས་	PART
ཟིལ་	ཟིལ་	NOUN
གྱིས་	གིས་	PART
མནན་པ་	མནན་པ་	VERB
ར་	ལ་	PART
གྱུར་པ་	གྱུར་པ་	VERB
ཞེ་	ཅེས་	PART
དང་	དང་	NO_POS
།		PUNCT
དེ་ལྟ་	དེ་ལྟ་	NO_POS
གདུག་པ་	གདུག་པ་	ADJ
འི་	གི་	PART
སློབ་དཔོན་	སློབ་དཔོན་	NOUN
གྱི་	གི་	PART
ཚིག་	ཚིག་	NOUN
ཚད་མ་	ཚད་མ་	NOUN
ར་	ལ་	PART
བྱ་	བྱ་	VERB
ན་	ནས་	PART
མི་དགེ་བ་	མི་དགེ་བ་	NO_POS
བཅུ་	བཅུ་	NUM
འི་	གི་	PART
ལ་	ལ་	ADP
ས་	གིས་	PART
ཀྱི་	གི་	PART
ལམ་	གམ་	PART
རྣམས་	རྣམས་	DET
བྱེད་	བྱེད་	VERB
དོ་	གོ་	PART
། །		PUNCT
ཞེ་	ཅེས་	PART
སོ་	གོ་	PART
། །		PUNCT
བཤང་གཅི་	བཤང་གཅི་	NOUN
ལ་སོགས་པ་	ལ་སོགས་པ་	NO_POS
འི་	གི་	PART
མི་གཙང་པ་	མི་གཙང་པ་	NO_POS
རྣམས་	རྣམས་	DET
དང་	དང་	NO_POS
།		PUNCT
ཀུན་གཞི་	ཀུན་གཞི་	NOUN
རྣམ་ཤེས་	རྣམ་ཤེས་	NOUN
ལ་སོགས་	ལ་སོགས་	NO_POS
དང་	དང་	NO_POS
ཉོན་མོངས་	ཉོན་མོངས་	NOUN
དང་	དང་	NO_POS
མི་དགེ་བ་	མི་དགེ་བ་	NO_POS
རྣམས་	རྣམས་	DET
ཀྱང་	ཀྱང་	PART
རང་བཞིན་	རང་བཞིན་	NOUN
གྱིས་	གིས་	PART
རྣམ་པ་	རྣམ་པ་	NOUN
ར་	ལ་	PART
དག་པ་	དག་པ་	VERB
ཡིན་པ་	ཡིན་པ་	AUX
ར་	ལ་	PART
སྨྲ་བ་	སྨྲ་བ་	VERB
ལ་	ལ་	PART
ཡང་	ཀྱང་	PART
།		PUNCT
འཇིག་རྟེན་	འཇིག་རྟེན་	NOUN
དབང་ཕྱུག་	དབང་ཕྱུག་	NOUN
གིས་	གིས་	PART
བཀའ་	བཀའ་	NOUN
སྐྱོན་	སྐྱོན་	NOUN
མཛད་པ་	མཛད་པ་	VERB
འདི་ལྟ་སྟེ་	འདི་ལྟ་སྟེ་	NO_POS
།		PUNCT
འདི་	འདི་	DET
ར་	ལ་	PART
གལ་ཏེ་	གལ་ཏེ་	NO_POS
གདུག་པ་	གདུག་པ་	ADJ
ཆེན་པོ་	ཆེན་པོ་	ADJ
ཕ་རོལ་	ཕ་རོལ་	NOUN
བསླུ་བ་	བསླུ་བ་	VERB
ར་	ལ་	PART
ཕྱེད་པ་	ཕྱེད་པ་	VERB
ཐམས་ཅད་	ཐམས་ཅད་	DET
མཁྱེན་པ་	མཁྱེན་པ་	VERB
འི་	གི་	PART
བསྟན་པ་	བསྟན་པ་	VERB
ལ་	ལ་	PART
ཅོ་	ཅོ་	NOUN
འདྲི་པ་	འདྲི་པ་	NO_POS
དམ་ཚིག་	དམ་ཚིག་	NOUN
ཆེན་པོ་	ཆེན་པོ་	ADJ
འདྲལ་བ་	འདྲལ་བ་	NO_POS
ར་	ལ་	PART
བྱེད་པ་	བྱེད་པ་	VERB
མནར་མེད་པ་	མནར་མེད་པ་	NO_POS
འི་	གི་	PART
དམྱལ་བ་	དམྱལ་བ་	NOUN
ར་	ལ་	PART
འགྲོ་བ་	འགྲོ་བ་	VERB
མ་	མ་	PART
དག་པ་	དག་པ་	VERB
འི་	གི་	PART
སེམས་	སེམས་	NOUN
དང་	དང་	NO_POS
ལྡན་པ་	ལྡན་པ་	VERB
རྣམས་	རྣམས་	DET
ཀྱི་	གི་	PART
སེམས་	སེམས་	NOUN
རྣམ་པ་	རྣམ་པ་	NOUN
ར་	ལ་	PART
དག་པ་	དག་པ་	VERB
ཡིན་	ཡིན་	NO_POS
ན་	ལ་	PART
དེ་	དེ་	DET
འི་	གི་	PART
ཚེ་	ཚེ་	NOUN
དེ་	སྟེ་	PART
རྣམས་	རྣམས་	DET
རྣལ་འབྱོར་པ་	རྣལ་འབྱོར་པ་	NOUN
འི་	གི་	PART
བྱ་བ་	བྱ་བ་	VERB
ཅིའི་ཕྱིར་	ཅིའི་ཕྱིར་	NO_POS
མི་	མི་	PART
བྱེད་	བྱེད་	VERB
ཅེས་	ཅེས་	PART
གསུངས་	གསུངས་	VERB
སོ་	གོ་	PART
། །		PUNCT
དེ་བཞིན་	དེ་བཞིན་	OTHER
གཤེགས་པ་	གཤེགས་པ་	VERB
འི་	གི་	PART
སྙིང་པོ་	སྙིང་པོ་	NOUN
ལ་	ལ་	PART
སྡང་	སྡང་	NO_POS
ཞིང་	ཅིང་	PART
འཕགས་པ་	འཕགས་པ་	VERB
འི་	གི་	PART
གང་ཟག་	གང་ཟག་	NOUN
དང་	དང་	NO_POS
ཆོ་	ཆོ་	NOUN
ལ་	ལ་	PART
སྐྱོན་བརྗོད་པ་	སྐྱོན་བརྗོད་པ་	OTHER
རྣམས་	རྣམས་	DET
ཀྱི་	གི་	PART
སྤྱོད་པ་	སྤྱོད་པ་	VERB
དང་	དང་	NO_POS
འགྲོ་	འགྲོ་	VERB
སོགས་	སོགས་	DET
།		PUNCT
བཅོམ་ལྡན་འདས་	བཅོམ་ལྡན་འདས་	NOUN
འཇིག་རྟེན་	འཇིག་རྟེན་	NOUN
དབང་ཕྱུག་	དབང་ཕྱུག་	NOUN
གིས་	གིས་	PART
ལུང་བསྟན་པ་	ལུང་བསྟན་པ་	NOUN
འདི་ལྟ་སྟེ་	འདི་ལྟ་སྟེ་	NO_POS
།		PUNCT
གདུག་པ་	གདུག་པ་	ADJ
འི་	གི་	PART
སློབ་དཔོན་	སློབ་དཔོན་	NOUN
དེ་བཞིན་	དེ་བཞིན་	OTHER
གཤེགས་པ་	གཤེགས་པ་	VERB
འི་	གི་	PART
སྙིང་པོ་	སྙིང་པོ་	NOUN
ལ་	ལ་	ADP
ས་	གིས་	PART
ཕྱི་རོལ་	ཕྱི་རོལ་	NOUN
ཏུ་	ལ་	PART
གྱུར་པ་	གྱུར་པ་	VERB
ཡུལ་	ཡུལ་	NOUN
ལ་	ལ་	PART
དབང་པོ་	དབང་པོ་	NOUN
ཉེ་བ་		
ལོངས་སྤྱོད་པ་	ལོངས་སྤྱོད་པ་	NOUN
ལ་	ལ་	PART
ཆགས་	ཆགས་	VERB
ཤིང་	ཅིང་	PART
བརྫུན་	བརྫུན་	NOUN
ཏུ་	ལ་	PART
སྨྲ་བ་	སྨྲ་བ་	VERB
རྣམས་	རྣམས་	DET
མ་	མ་	PART
མཐོང་བ་	མཐོང་བ་	VERB
འི་	གི་	PART
སྐྱོན་	སྐྱོན་	NOUN
བཟུང་བ་	བཟུང་བ་	VERB
ལ་	ལ་	ADP
ས་	གིས་	PART
མནར་མེད་པ་	མནར་མེད་པ་	NO_POS
ར་	ལ་	PART
འགྲོ་བ་	འགྲོ་བ་	VERB
འགྱུར་	འགྱུར་	VERB
རོ་	རོ་	NOUN
"།

།"		PUNCT
ཞེ་	ཅེས་	PART
གསུངས་	གསུངས་	VERB
སོ་	གོ་	PART
། །		PUNCT
བཀའ་	བཀའ་	NOUN
བར་པ་	བར་པ་	NOUN
འི་	གི་	PART
མཐར་ཐུག་	མཐར་ཐུག་	NOUN
གི་	གི་	PART
དགོངས་པ་	དགོངས་པ་	VERB
ཟབ་མོ་	ཟབ་མོ་	ADJ
ཅིར་	ཅིར་	NO_POS
ཡང་	ཀྱང་	PART
མ་	མ་	PART
གྲུབ་	གྲུབ་	VERB
ཙམ་	ཙམ་	DET
གྱི་	གི་	PART
མེད་དགག་	མེད་དགག་	NO_POS
ཏུ་	ལ་	PART
སྟོན་པ་	སྟོན་པ་	NOUN
འི་	གི་	PART
པཎྜི་ཏ་	པཎྜི་ཏ་	NOUN
ལ་སོགས་པ་	ལ་སོགས་པ་	NO_POS
འི་	གི་	PART
བླ་མ་	བླ་མ་	NOUN
རྣམས་	རྣམས་	DET
འབྱུང་བ་	འབྱུང་བ་	VERB
ར་	ལ་	PART
བཅོམ་ལྡན་འདས་	བཅོམ་ལྡན་འདས་	NOUN
འཇིག་རྟེན་	འཇིག་རྟེན་	NOUN
དབང་ཕྱུག་	དབང་ཕྱུག་	NOUN
གིས་	གིས་	PART
ལུང་བསྟན་པ་	ལུང་བསྟན་པ་	NOUN
འདི་ལྟ་སྟེ་	འདི་ལྟ་སྟེ་	NO_POS
།		PUNCT
བླ་མ་	བླ་མ་	NOUN
དམ་པ་	དམ་པ་	VERB
འི་	གི་	PART
མན་ངག་	མན་ངག་	NOUN
དང་	དང་	NO_POS
བྲལ་	བྲལ་	VERB
ཞིང་	ཅིང་	PART
ཆད་པ་	ཆད་པ་	VERB
ཆེན་པོ་	ཆེན་པོ་	ADJ
ར་	ལ་	PART
ལྟུང་བ་	ལྟུང་བ་	VERB
ར་	ལ་	PART
འགྱུར་བ་	འགྱུར་བ་	VERB
འི་	གི་	PART
གདུག་པ་	གདུག་པ་	ADJ
འི་	གི་	PART
བླ་མ་	བླ་མ་	NOUN
རྣམས་	རྣམས་	DET
ཀྱི་	གི་	PART
བྱིས་པ་	བྱིས་པ་	NOUN
འི་	གི་	PART
བློ་	བློ་	NOUN
ཅན་	ཅན་	PART
ཟབ་	ཟབ་	VERB
ཅིང་	ཅིང་	PART
རྒྱ་ཆེ་བ་	རྒྱ་ཆེ་བ་	NO_POS
འི་	གི་	PART
ཆོ་	ཆོ་	NOUN
ཡོངས་སུ་	ཡོངས་སུ་	NO_POS
བརྟག་པ་	བརྟག་པ་	VERB
མི་	མི་	PART
བྱེད་པ་	བྱེད་པ་	VERB
རྣམས་	རྣམས་	DET
ལ་	ལ་	PART
ཤེས་རབ་	ཤེས་རབ་	NOUN
ཀྱི་	གི་	PART
ཕ་རོལ་	ཕ་རོལ་	NOUN
ཏུ་	ལ་	PART
ཕྱིན་པ་	ཕྱིན་པ་	VERB
སྟོན་པ་	སྟོན་པ་	NOUN
ར་	ལ་	PART
འགྱུར་	འགྱུར་	VERB
ཞེ་	ཅེས་	PART
དང་	དང་	NO_POS
།		PUNCT
དེ་ལྟ་	དེ་ལྟ་	NO_POS
རབ་ཏུ་	རབ་ཏུ་	NO_POS
མི་	མི་	PART
མཁས་པ་	མཁས་པ་	VERB
བསམ་པ་	བསམ་པ་	VERB
མེད་པ་	མེད་པ་	VERB
ཡེ་ཤེས་	ཡེ་ཤེས་	NOUN
སུ་	ལ་	PART
འདོད་པ་	འདོད་པ་	VERB
ཆགས་པ་	ཆགས་པ་	VERB
ཆེན་པོ་	ཆེན་པོ་	ADJ
ར་	ལ་	PART
སྟོང་པ་	སྟོང་པ་	VERB
འགའ་ཞིག་	འགའ་ཞིག་	OTHER
སྨྲ་བ་	སྨྲ་བ་	VERB
ར་	ལ་	PART
འགྱུར་	འགྱུར་	VERB
ཏེ་	སྟེ་	PART
།		PUNCT
ཞེ་	ཅེས་	PART
གསུངས་	གསུངས་	VERB
སོ་	གོ་	PART
། །		PUNCT
དེས་ན་	དེས་ན་	NO_POS
རྟག་ཆད་	རྟག་ཆད་	NOUN
གཉིས་	གཉིས་	NUM
ལ་	ལ་	ADP
ས་	གིས་	PART
གྲོལ་པ་	གྲོལ་པ་	VERB
འི་	གི་	PART
གནས་ལུགས་	གནས་ལུགས་	VERB
དེ་	སྟེ་	PART
ཁོ་ན་ཉིད་	ཁོ་ན་ཉིད་	NO_POS
ནི་	ནི་	NO_POS
དོན་དམ་པ་	དོན་དམ་པ་	NOUN
འི་	གི་	PART
ཡེ་ཤེས་	ཡེ་ཤེས་	NOUN
ཆོས་ཉིད་	ཆོས་ཉིད་	NOUN
དེ་བཞིན་ཉིད་	དེ་བཞིན་ཉིད་	NOUN
ཡིན་	ཡིན་	NO_POS
ཞིང་	ཅིང་	PART
རྡོ་རྗེ་	རྡོ་རྗེ་	NOUN
འཛིན་པ་	འཛིན་པ་	VERB
འི་	གི་	PART
ཡེ་ཤེས་	ཡེ་ཤེས་	NOUN
ཀྱི་	གི་	PART
སྐུ་	སྐུ་	NOUN
མཚན་	མཚན་	NOUN
ཡང་དག་པ་	ཡང་དག་པ་	ADJ
ར་	ལ་	PART
བརྗོད་པ་	བརྗོད་པ་	VERB
ར་	ལ་	PART
བསྟན་པ་	བསྟན་པ་	VERB
ཇི་སྙེད་པ་	ཇི་སྙེད་པ་	OTHER
སྟེ་	སྟེ་	PART
།		PUNCT
དེ་	སྟེ་	PART
མ་	མ་	PART
ཤེ་	ཤེ་	VERB
ན་	ལ་	PART
ཐེག་པ་	ཐེག་པ་	NOUN
ཐམས་ཅད་	ཐམས་ཅད་	DET
ཀྱི་	གི་	PART
ངེས་དོན་	ངེས་དོན་	NOUN
མཐར་ཐུག་	མཐར་ཐུག་	NOUN
དང་	དང་	NO_POS
སྔགས་	སྔགས་	NOUN
ཀྱི་	གི་	PART
ཐེག་པ་	ཐེག་པ་	NOUN
མི་	མི་	PART
ཤེ་	ཤེ་	VERB
སོ་	གོ་	PART
། །		PUNCT
ཇི་སྐད་	ཇི་སྐད་	NO_POS
དུ་	ལ་	PART
།		PUNCT
བཅོམ་ལྡན་འདས་	བཅོམ་ལྡན་འདས་	NOUN
འཇིག་རྟེན་	འཇིག་རྟེན་	NOUN
དབང་ཕྱུག་	དབང་ཕྱུག་	NOUN
གི་	གི་	PART
ཞལ་སྔ་	ཞལ་སྔ་	NOUN
ན་	ནས་	PART
།		PUNCT
གང་	གང་	NO_POS
གིས་	གིས་	PART
མཆོག་	མཆོག་	ADJ
གི་	གི་	PART
དང་པོ་	དང་པོ་	ADJ
འི་	གི་	PART
སངས་རྒྱས་	སངས་རྒྱས་	NOUN
མི་	མི་	PART
ཤེས་པ་	ཤེས་པ་	VERB
དེ་	དེ་	DET
ས་	གིས་	PART
མཚན་	མཚན་	NOUN
ཡང་དག་པ་	ཡང་དག་པ་	ADJ
ར་	ལ་	PART
བརྗོད་པ་	བརྗོད་པ་	VERB
མི་	མི་	PART
ཤེ་	ཤེ་	VERB
སོ་	གོ་	PART
། །		PUNCT
གང་	གང་	NO_POS
གིས་	གིས་	PART
མཚན་	མཚན་	NOUN
ཡང་དག་པ་	ཡང་དག་པ་	ADJ
ར་	ལ་	PART
བརྗོད་པ་	བརྗོད་པ་	VERB
མི་	མི་	PART
ཤེས་པ་	ཤེས་པ་	VERB
དེ་	དེ་	DET
ས་	གིས་	PART
རྡོ་རྗེ་	རྡོ་རྗེ་	NOUN
འཛིན་པ་	འཛིན་པ་	VERB
འི་	གི་	PART
ཡེ་ཤེས་	ཡེ་ཤེས་	NOUN
ཀྱི་	གི་	PART
སྐུ་	སྐུ་	NOUN
མི་	མི་	PART
ཤེ་	ཤེ་	VERB
སོ་	གོ་	PART
། །		PUNCT
གང་	གང་	NO_POS
གིས་	གིས་	PART
རྡོ་རྗེ་	རྡོ་རྗེ་	NOUN
འཛིན་པ་	འཛིན་པ་	VERB
འི་	གི་	PART
ཡེ་ཤེས་	ཡེ་ཤེས་	NOUN
ཀྱི་	གི་	PART
སྐུ་	སྐུ་	NOUN
མི་	མི་	PART
ཤེས་པ་	ཤེས་པ་	VERB
དེ་	དེ་	DET
ས་	གིས་	PART
སྔགས་	སྔགས་	NOUN
ཀྱི་	གི་	PART
ཐེག་པ་	ཐེག་པ་	NOUN
མི་	མི་	PART
ཤེ་	ཤེ་	VERB
སོ་	གོ་	PART
། །		PUNCT
གང་	གང་	NO_POS
གིས་	གིས་	PART
སྔགས་	སྔགས་	NOUN
ཀྱི་	གི་	PART
ཐེག་པ་	ཐེག་པ་	NOUN
མི་	མི་	PART
ཤེས་པ་	ཤེས་པ་	VERB
དེ་	སྟེ་	PART
ཐམས་ཅད་	ཐམས་ཅད་	DET
ནི་	ནི་	NO_POS
འཁོར་བ་པ་	འཁོར་བ་པ་	NOUN
སྟེ་	སྟེ་	PART
།		PUNCT
བཅོམ་ལྡན་འདས་	བཅོམ་ལྡན་འདས་	NOUN
རྡོ་རྗེ་	རྡོ་རྗེ་	NOUN
འཛིན་པ་	འཛིན་པ་	VERB
འི་	གི་	PART
ལམ་	གམ་	PART
དང་	དང་	NO_POS
བྲལ་བ་	བྲལ་བ་	VERB
འོ་	གོ་	PART
། །		PUNCT
ཞེ་	ཅེས་	PART
སོ་	གོ་	PART
། །		PUNCT
དེས་ན་	དེས་ན་	NO_POS
མཚན་	མཚན་	NOUN
ཡང་དག་པ་	ཡང་དག་པ་	ADJ
ར་	ལ་	PART
བརྗོད་པ་	བརྗོད་པ་	VERB
འི་	གི་	PART
དོན་	དོན་	NOUN
རྡོ་རྗེ་	རྡོ་རྗེ་	NOUN
འཛིན་པ་	འཛིན་པ་	VERB
འི་	གི་	PART
ཡེ་ཤེས་	ཡེ་ཤེས་	NOUN
ཀྱི་	གི་	PART
སྐུ་	སྐུ་	NOUN
མ་	མ་	PART
ཤེ་	ཤེ་	VERB
ན་	ལ་	PART
ཐེག་པ་	ཐེག་པ་	NOUN
ཐམས་ཅད་	ཐམས་ཅད་	DET
ཀྱི་	གི་	PART
ངེས་པ་	ངེས་པ་	VERB
འི་	གི་	PART
དོན་	དོན་	NOUN
གྱི་	གི་	PART
སྙིང་པོ་	སྙིང་པོ་	NOUN
མི་	མི་	PART
ཤེ་	ཤེ་	VERB
ལ་	ལ་	PART
།		PUNCT
དེ་	སྟེ་	PART
མ་	མ་	PART
ཤེ་	ཤེ་	VERB
ན་	ལ་	PART
སློབ་དཔོན་	སློབ་དཔོན་	NOUN
དང་	དང་	NO_POS
སློབ་མ་	སློབ་མ་	NOUN
གཉིས་ཀ་	གཉིས་ཀ་	OTHER
སངས་རྒྱས་	སངས་རྒྱས་	NOUN
ཀྱི་	གི་	PART
ལམ་	གམ་	PART
ལ་	ལ་	PART
ཉམས་པ་	ཉམས་པ་	VERB
ར་	ལ་	PART
འགྱུར་བ་	འགྱུར་བ་	VERB
ས་	གིས་	PART
།		PUNCT
མཁས་པ་	མཁས་པ་	VERB
ར་	ལ་	PART
རློམ་	རློམ་	NO_POS
ཡང་	ཀྱང་	PART
དེ་ལྟ་	དེ་ལྟ་	NO_POS
བ་	བ་	ADP
ཤིང་	ཅིང་	PART
མདོ་སྔགས་	མདོ་སྔགས་	NOUN
བསྲེས་པ་	བསྲེས་པ་	VERB
འི་	གི་	PART
བཤད་པ་	བཤད་པ་	VERB
ཡང་	ཀྱང་	PART
མི་	མི་	PART
ཤེ་	ཤེ་	VERB
སོ་	གོ་	PART
"།

།"		PUNCT
བཅོམ་ལྡན་འདས་	བཅོམ་ལྡན་འདས་	NOUN
འཇིག་རྟེན་	འཇིག་རྟེན་	NOUN
དབང་ཕྱུག་	དབང་ཕྱུག་	NOUN
གི་	གི་	PART
ཞལ་སྔ་	ཞལ་སྔ་	NOUN
ན་	ནས་	PART
།		PUNCT
ཉན་ཐོས་	ཉན་ཐོས་	NOUN
དང་	དང་	NO_POS
ཕ་རོལ་	ཕ་རོལ་	NOUN
ཏུ་	ལ་	PART
ཕྱིན་པ་	ཕྱིན་པ་	VERB
དང་	དང་	NO_POS
སྔགས་	སྔགས་	NOUN
ཀྱི་	གི་	PART
ཚུལ་	ཚུལ་	NOUN
འདི་	འདི་	DET
རྣམས་	རྣམས་	DET
ཀྱི་	གི་	PART
མཆོག་	མཆོག་	ADJ
ཏུ་	ལ་	PART
མི་འགྱུར་བ་	མི་འགྱུར་བ་	NO_POS
འི་	གི་	PART
སྙིང་པོ་	སྙིང་པོ་	NOUN
བཅོམ་ལྡན་འདས་	བཅོམ་ལྡན་འདས་	NOUN
རྡོ་རྗེ་	རྡོ་རྗེ་	NOUN
འཛིན་པ་	འཛིན་པ་	VERB
ནི་	ནི་	NO_POS
མཚན་	མཚན་	NOUN
ཡང་དག་པ་	ཡང་དག་པ་	ADJ
ར་	ལ་	PART
བརྗོད་པ་	བརྗོད་པ་	VERB
ལ་	ལ་	ADP
ས་	གིས་	PART
དེ་བཞིན་	དེ་བཞིན་	OTHER
གཤེགས་པ་	གཤེགས་པ་	VERB
ས་	གིས་	PART
བསྟན་	བསྟན་	VERB
ཏོ་	གོ་	PART
། །		PUNCT
འདི་	འདི་	DET
འི་	གི་	PART
དོན་	དོན་	NOUN
མི་	མི་	PART
ཤེས་པ་	ཤེས་པ་	VERB
བླ་མ་	བླ་མ་	NOUN
དམ་པ་	དམ་པ་	VERB
མ་ཡིན་པ་	མ་ཡིན་པ་	OTHER
ཉམས་པ་	ཉམས་པ་	VERB
མཆོག་	མཆོག་	ADJ
ཏུ་	ལ་	PART
མི་འགྱུར་བ་	མི་འགྱུར་བ་	NO_POS
འི་	གི་	PART
ཡེ་ཤེས་	ཡེ་ཤེས་	NOUN
ཉམས་པ་	ཉམས་པ་	VERB
རྣམས་	རྣམས་	DET
མ་འོངས་པ་	མ་འོངས་པ་	OTHER
འི་	གི་	PART
དུས་	དུས་	NOUN
སུ་	ལ་	PART
འབྱུང་བ་	འབྱུང་བ་	VERB
ར་	ལ་	PART
འགྱུར་	འགྱུར་	VERB
ཏེ་	སྟེ་	PART
།		PUNCT
རྣམ་པ་	རྣམ་པ་	NOUN
ར་	ལ་	PART
ཉམས་པ་	ཉམས་པ་	VERB
དེ་	སྟེ་	PART
རྣམས་	རྣམས་	DET
ཀྱིས་	གིས་	PART
སེམས་ཅན་	སེམས་ཅན་	NOUN
རྣམས་	རྣམས་	DET
ཉམས་པ་	ཉམས་པ་	VERB
ར་	ལ་	PART
བྱེད་	བྱེད་	VERB
དོ་	གོ་	PART
།།		PUNCT
ཞེ་	ཅེས་	PART
གསུངས་	གསུངས་	VERB
སོ་	གོ་	PART
། །		PUNCT
མཚན་	མཚན་	NOUN
ཡང་དག་པ་	ཡང་དག་པ་	ADJ
ར་	ལ་	PART
བརྗོད་པ་	བརྗོད་པ་	VERB
འི་	གི་	PART
དོན་	དོན་	NOUN
དེ་བཞིན་	དེ་བཞིན་	OTHER
གཤེགས་པ་	གཤེགས་པ་	VERB
ཐམས་ཅད་	ཐམས་ཅད་	DET
ཀྱི་	གི་	PART
ཡེ་ཤེས་	ཡེ་ཤེས་	NOUN
ཀྱི་	གི་	PART
སྐུ་	སྐུ་	NOUN
དོན་དམ་	དོན་དམ་	NOUN
རྟག་པ་	རྟག་པ་	VERB
ཆོ་	ཆོ་	NOUN
ཀྱི་	གི་	PART
དབྱིངས་	དབྱིངས་	NOUN
འདི་	འདི་	DET
ཤེ་	ཤེ་	VERB
ན་	ལ་	PART
ཐེག་པ་	ཐེག་པ་	NOUN
ཐམས་ཅད་	ཐམས་ཅད་	DET
ཀྱི་	གི་	PART
མཐར་ཐུག་	མཐར་ཐུག་	NOUN
ངེས་པ་	ངེས་པ་	VERB
འི་	གི་	PART
དོན་	དོན་	NOUN
གཅིག་	གཅིག་	NUM
ཏུ་	ལ་	PART
ཤེས་པ་	ཤེས་པ་	VERB
དེ་	དེ་	DET
འི་	གི་	PART
ཕྱི་	ཕྱི་	OTHER
།		PUNCT
དོན་	དོན་	NOUN
གཅིག་	གཅིག་	NUM
ན་	ལ་	PART
ཡང་	ཀྱང་	PART
མ་	མ་	PART
རྨོངས་	རྨོངས་	VERB
དང་	དང་	NO_POS
། །		PUNCT
ཐབས་	ཐབས་	NOUN
མང་	མང་	VERB
དཀའ་བ་	དཀའ་བ་	VERB
མེད་པ་	མེད་པ་	VERB
དང་	དང་	NO_POS
། །		PUNCT
དབང་པོ་	དབང་པོ་	NOUN
རྣོན་པོ་	རྣོན་པོ་	ADJ
འི་	གི་	PART
དབང་	དབང་	NOUN
བྱས་པ་	བྱས་པ་	VERB
ས་	གིས་	PART
། །		PUNCT
སྔགས་	སྔགས་	NOUN
ཀྱི་	གི་	PART
ཐེག་པ་	ཐེག་པ་	NOUN
ཁྱད་པར་	ཁྱད་པར་	NOUN
འཕགས་	འཕགས་	VERB
། །		PUNCT
ཞེས་་	ཞེས་པ་	PART
འི་	གི་	PART
ཚིགས་	ཚིགས་	NOUN
སུ་	ལ་	PART
བཅད་པ་	བཅད་པ་	VERB
འི་	གི་	PART
དོན་	དོན་	NOUN
ཡང་	ཀྱང་	PART
ལེགས་པ་	ལེགས་པ་	VERB
ར་	ལ་	PART
བཤད་པ་	བཤད་པ་	VERB
ཡིན་	ཡིན་	NO_POS
ནོ་	གོ་	PART
། །		PUNCT
ཆོ་	ཆོ་	NOUN
བཞི་	བཞི་	NUM
ས་	གིས་	PART
ཁྱད་པར་	ཁྱད་པར་	NOUN
དུ་	ལ་	PART
བྱས་པ་	བྱས་པ་	VERB
ནི་	ནི་	NO_POS
།		PUNCT
དོན་	དོན་	NOUN
གསལ་བ་	གསལ་བ་	VERB
ར་	ལ་	PART
སྟོན་པ་	སྟོན་པ་	NOUN
ས་	གིས་	PART
མ་	མ་	PART
རྨོངས་པ་	རྨོངས་པ་	VERB
དང་	དང་	NO_POS
།		PUNCT
བྱེད་པ་	བྱེད་པ་	VERB
བཅིང་བ་	བཅིང་བ་	VERB
འི་	གི་	PART
སྦྱོར་བ་	སྦྱོར་བ་	VERB
སོགས་	སོགས་	DET
ཐབས་	ཐབས་	NOUN
མང་བ་	མང་བ་	VERB
དང་	དང་	NO_POS
།		PUNCT
མཚམས་མེད་པ་	མཚམས་མེད་པ་	NOUN
བྱས་པ་	བྱས་པ་	VERB
ཡང་	ཀྱང་	PART
ཚེ་	ཚེ་	NOUN
འདི་ཉིད་	འདི་ཉིད་	OTHER
ལ་	ལ་	PART
འདོད་པ་	འདོད་པ་	VERB
འི་	གི་	PART
དོན་	དོན་	NOUN
འགྲུབ་པ་	འགྲུབ་པ་	VERB
ས་	གིས་	PART
བསྐལ་པ་	བསྐལ་པ་	NOUN
གྲངས་མེད་པ་	གྲངས་མེད་པ་	NOUN
གསུམ་	གསུམ་	NUM
ལ་སོགས་པ་	ལ་སོགས་པ་	NO_POS
འི་	གི་	PART
དཀའ་བ་	དཀའ་བ་	VERB
མེད་པ་	མེད་པ་	VERB
དང་	དང་	NO_POS
།		PUNCT
སྐལ་བ་	སྐལ་བ་	NOUN
དང་	དང་	NO_POS
ལྡན་པ་	ལྡན་པ་	VERB
འི་	གི་	PART
གང་ཟག་	གང་ཟག་	NOUN
དབང་པོ་	དབང་པོ་	NOUN
རྣོན་པོ་	རྣོན་པོ་	ADJ
དེ་	སྟེ་	PART
།		PUNCT
ཆོ་	ཆོ་	NOUN
བཞི་པོ་	བཞི་པོ་	NUM
དེ་	སྟེ་	PART
རྣམས་	རྣམས་	DET
ཀྱི་	གི་	PART
དབང་	དབང་	NOUN
དུ་	ལ་	PART
བྱས་པ་	བྱས་པ་	VERB
ས་	གིས་	PART
སྔགས་	སྔགས་	NOUN
ཀྱི་	གི་	PART
ཐེག་པ་	ཐེག་པ་	NOUN
ཁྱད་པར་	ཁྱད་པར་	NOUN
དུ་	ལ་	PART
གྱུར་	གྱུར་	VERB
ཏོ་	གོ་	PART
། །		PUNCT
གནས་ལུགས་	གནས་ལུགས་	VERB
དེ་	སྟེ་	PART
ཁོ་ན་ཉིད་	ཁོ་ན་ཉིད་	NO_POS
ཀྱི་	གི་	PART
དོན་	དོན་	NOUN
ནི་	ནི་	NO_POS
གཅིག་	གཅིག་	NUM
ཡིན་པ་	ཡིན་པ་	AUX
འི་	གི་	PART
ཕྱི་	ཕྱི་	OTHER
དེ་	དེ་	DET
འི་	གི་	PART
སྒོ་	སྒོ་	NOUN
ན་	ནས་	PART
ནི་	ནི་	NO_POS
ཁྱད་པར་	ཁྱད་པར་	NOUN
དུ་	ལ་	PART
བྱར་མེད་	བྱར་མེད་	NOUN
དོ་	གོ་	PART
། །		PUNCT
ཞེས་་	ཞེས་པ་	PART
འདི་	འདི་	DET
ཡིན་	ཡིན་	NO_POS
ནོ་	གོ་	PART
། །		PUNCT
དེ་	དེ་	DET
འི་	གི་	PART
ཕྱི་	ཕྱི་	OTHER
མཚན་	མཚན་	NOUN
ཡང་དག་པ་	ཡང་དག་པ་	ADJ
ར་	ལ་	PART
བརྗོད་པ་	བརྗོད་པ་	VERB
འི་	གི་	PART
རྒྱུད་	རྒྱུད་	NOUN
ཀྱི་	གི་	PART
ཚིགས་	ཚིགས་	NOUN
སུ་	ལ་	PART
བཅད་པ་	བཅད་པ་	VERB
དྲུག་	དྲུག་	NUM
བརྒྱ་	བརྒྱ་	NUM
དྲུག་ཅུ་	དྲུག་ཅུ་	NUM
རྩ་	རྩ་	NUM
གཉིས་པོ་	གཉིས་པོ་	NUM
འདི་	འདི་	DET
ས་	གིས་	PART
ནི་	ནི་	NO_POS
ཐེག་པ་	ཐེག་པ་	NOUN
ཐམས་ཅད་	ཐམས་ཅད་	DET
ཀྱི་	གི་	PART
ངཻས་པ་	ངཻས་པ་	NON_WORD
འི་	གི་	PART
དོན་	དོན་	NOUN
བདེ་གཤེགས་	བདེ་གཤེགས་	NOUN
སྙིང་པོ་	སྙིང་པོ་	NOUN
ནམ་མཁའ་	ནམ་མཁའ་	NOUN
ལྟ་	ལྟ་	OTHER
དངོས་པོ་	དངོས་པོ་	NOUN
ཀུན་	ཀུན་	DET
ལ་	ལ་	PART
ཁྱབ་པ་	ཁྱབ་པ་	VERB
འི་	གི་	PART
ཡེ་ཤེས་	ཡེ་ཤེས་	NOUN
ཆེན་པོ་	ཆེན་པོ་	ADJ
ཆོ་	ཆོ་	NOUN
ཀྱི་	གི་	PART
དབྱིངས་	དབྱིངས་	NOUN
དམ་པ་	དམ་པ་	VERB
ཟད་	ཟད་	VERB
མི་	མི་	PART
ཤེས་པ་	ཤེས་པ་	VERB
འི་	གི་	PART
དཀྱིལ་འཁོར་	དཀྱིལ་འཁོར་	NOUN
ཆེན་པོ་	ཆེན་པོ་	ADJ
ཡངས་པ་	ཡངས་པ་	ADJ
ཆེ་བ་	ཆེ་བ་	VERB
སངས་རྒྱས་	སངས་རྒྱས་	NOUN
ཐམས་ཅད་	ཐམས་ཅད་	DET
ཀྱི་	གི་	PART
ཆོ་	ཆོ་	NOUN
ཀྱི་	གི་	PART
སྐུ་	སྐུ་	NOUN
ཡེ་ཤེས་	ཡེ་ཤེས་	NOUN
ཀྱི་	གི་	PART
སྐུ་	སྐུ་	NOUN
ཤེས་རབ་	ཤེས་རབ་	NOUN
ཀྱི་	གི་	PART
ཕ་རོལ་	ཕ་རོལ་	NOUN
ཏུ་	ལ་	PART
ཕྱིན་	ཕྱིན་	VERB
མ་	མ་	PART
གཉིས་	གཉིས་	NUM
སུ་	ལ་	PART
མེད་པ་	མེད་པ་	VERB
འི་	གི་	PART
ཡེ་ཤེས་	ཡེ་ཤེས་	NOUN
ཀུན་རྫོབ་	ཀུན་རྫོབ་	NOUN
ཐམས་ཅད་	ཐམས་ཅད་	DET
ཀྱི་	གི་	PART
གཞི་	གཞི་	NOUN
དང་	དང་	NO_POS
རྟེན་	རྟེན་	NOUN
དང་	དང་	NO_POS
གནས་	གནས་	NOUN
སུ་	ལ་	PART
གྱུར་པ་	གྱུར་པ་	VERB
འི་	གི་	PART
ཆོས་ཉིད་	ཆོས་ཉིད་	NOUN
དེ་བཞིན་ཉིད་	དེ་བཞིན་ཉིད་	NOUN
དོན་དམ་པ་	དོན་དམ་པ་	NOUN
འི་	གི་	PART
ཆོ་	ཆོ་	NOUN
ཁོ་ན་	ཁོ་ན་	DET
གསུངས་པ་	གསུངས་པ་	VERB
ཡིན་	ཡིན་	NO_POS
གྱི་	གི་	PART
།		PUNCT
བསྐྱེད་རིམ་	བསྐྱེད་རིམ་	NOUN
ལ་སོགས་པ་	ལ་སོགས་པ་	NO_POS
འི་	གི་	PART
ཀུན་རྫོབ་	ཀུན་རྫོབ་	NOUN
ཀྱི་	གི་	PART
ཆོ་	ཆོ་	NOUN
ནི་	ནི་	NO_POS
རྡུལ་	རྡུལ་	NOUN
ཙམ་	ཙམ་	DET
ཡང་	ཀྱང་	PART
མ་	མ་	PART
འདྲེ་	འདྲེ་	VERB
སོ་	གོ་	PART
། །		PUNCT
བཅོམ་ལྡན་འདས་	བཅོམ་ལྡན་འདས་	NOUN
འཇིག་རྟེན་	འཇིག་རྟེན་	NOUN
མགོན་པོ་	མགོན་པོ་	NOUN
འི་	གི་	PART
ཞལ་སྔ་	ཞལ་སྔ་	NOUN
ན་	ནས་	PART
།		PUNCT
ཚིགས་	ཚིགས་	NOUN
སུ་	ལ་	PART
བཅད་པ་	བཅད་པ་	VERB
བརྒྱ་	བརྒྱ་	NUM
དྲུག་ཅུ་	དྲུག་ཅུ་	NUM
རྩ་	རྩ་	NUM
གཉིས་པོ་	གཉིས་པོ་	NUM
འདི་	འདི་	DET
རྣམས་	རྣམས་	DET
ཀྱིས་	གིས་	PART
ཐེག་པ་	ཐེག་པ་	NOUN
ཐམས་ཅད་	ཐམས་ཅད་	DET
ལ་	ལ་	ADP
ས་	གིས་	PART
ཕྱུང་	ཕྱུང་	VERB
ན་	ནས་	PART
བཅོམ་ལྡན་འདས་	བཅོམ་ལྡན་འདས་	NOUN
རྡོ་རྗེ་	རྡོ་རྗེ་	NOUN
འཛིན་པ་	འཛིན་པ་	VERB
འི་	གི་	PART
སྙིང་པོ་	སྙིང་པོ་	NOUN
ཀུན་	ཀུན་	DET
ཏུ་	ལ་	PART
བཟང་པོ་	བཟང་པོ་	ADJ
མཆོག་	མཆོག་	ADJ
ཏུ་	ལ་	PART
མི་འགྱུར་བ་	མི་འགྱུར་བ་	NO_POS
འི་	གི་	PART
བདེ་བ་	བདེ་བ་	VERB
ཆེན་པོ་	ཆེན་པོ་	ADJ
ནམ་མཁ་	ནམ་མཁའ་	NOUN
འི་	གི་	PART
ཁམས་	ཁམས་	NOUN
ཀྱི་	གི་	PART
མཐར་ཐུག་པ་	མཐར་ཐུག་པ་	NOUN
ཀུན་	ཀུན་	DET
ན་	ནས་	PART
སྣང་བ་	སྣང་བ་	VERB
ར་	ལ་	PART
བྱེད་པ་	བྱེད་པ་	VERB
།		PUNCT
རྣམ་པ་	རྣམ་པ་	NOUN
ར་	ལ་	PART
དག་པ་	དག་པ་	VERB
འི་	གི་	PART
ཡེ་ཤེས་	ཡེ་ཤེས་	NOUN
ཀྱི་	གི་	PART
ཚོགས་	ཚོགས་	NOUN
བསགས་པ་	བསགས་པ་	VERB
ཟབ་	ཟབ་	VERB
ཅིང་	ཅིང་	PART
རྒྱ་ཆེ་བ་	རྒྱ་ཆེ་བ་	NO_POS
འི་	གི་	PART
གཟུགས་	གཟུགས་	NOUN
འཆང་བ་	འཆང་བ་	VERB
རང་བཞིན་	རང་བཞིན་	NOUN
གྱི་	གི་	PART
འོད་གསལ་བ་	འོད་གསལ་བ་	NO_POS
ཐོག་མ་	ཐོག་མ་	NOUN
དང་	དང་	NO_POS
ཐ་མ་	ཐ་མ་	ADJ
མེད་པ་	མེད་པ་	VERB
བདག་	བདག་	PRON
དང་	དང་	NO_POS
བདག་	བདག་	PRON
གི་བ་	གི་བ་	PART
འི་	གི་	PART
བཟུང་བ་	བཟུང་བ་	VERB
དང་	དང་	NO_POS
འཛིན་པ་	འཛིན་པ་	VERB
ལ་སོགས་པ་	ལ་སོགས་པ་	NO_POS
འི་	གི་	PART
རྣམ་པ་	རྣམ་པ་	NOUN
ར་	ལ་	PART
རྟོག་པ་	རྟོག་པ་	VERB
འི་	གི་	PART
དྲི་མ་	དྲི་མ་	NOUN
དང་	དང་	NO_POS
བྲལ་བ་	བྲལ་བ་	VERB
དུས་	དུས་	NOUN
ཐམས་ཅད་པ་	ཐམས་ཅད་པ་	DET
ཀུན་	ཀུན་	DET
ན་	ནས་	PART
ཉོན་མོངས་པ་	ཉོན་མོངས་པ་	NOUN
མེད་པ་	མེད་པ་	VERB
།		PUNCT
ཆོ་	ཆོ་	NOUN
ཐམས་ཅད་	ཐམས་ཅད་	DET
ཀྱི་	གི་	PART
རང་བཞིན་	རང་བཞིན་	NOUN
མཁྱེན་པ་	མཁྱེན་པ་	VERB
འཁོར་བ་	འཁོར་བ་	NOUN
འི་	གི་	PART
བག་ཆགས་	བག་ཆགས་	NOUN
ལ་	ལ་	ADP
ས་	གིས་	PART
རྣམ་པ་	རྣམ་པ་	NOUN
ར་	ལ་	PART
གྲོལ་བ་	གྲོལ་བ་	VERB
འགྲོ་བ་	འགྲོ་བ་	VERB
དང་	དང་	NO_POS
འོང་བ་	འོང་བ་	VERB
དང་	དང་	NO_POS
བྲལ་བ་	བྲལ་བ་	VERB
སྤྲཽས་པ་	སྤྲཽས་པ་	NON_WORD
མེད་པ་	མེད་པ་	VERB
འི་	གི་	PART
ངོ་བོ་	ངོ་བོ་	NOUN
རང་	རང་	PRON
གི་	གི་	PART
ངང་	ངང་	NOUN
གིས་	གིས་	PART
འཇུག་	འཇུག་	VERB
ཅིང་	ཅིང་	PART
འཕེལ་བ་	འཕེལ་བ་	VERB
འི་	གི་	PART
ཏིང་ངེ་འཛིན་	ཏིང་ངེ་འཛིན་	NOUN
དང་	དང་	NO_POS
།		PUNCT
གཟུངས་	གཟུངས་	NOUN
སྣ་ཚོགས་པ་	སྣ་ཚོགས་པ་	DET
རྣམས་	རྣམས་	DET
ཀྱི་	གི་	PART
རྟེན་	རྟེན་	NOUN
བུམ་པ་	བུམ་པ་	NOUN
བཟང་པོ་	བཟང་པོ་	ADJ
དང་	དང་	NO_POS
དཔག་བསམ་	དཔག་བསམ་	OTHER
གྱི་	གི་	PART
ཤིང་	ཅིང་	PART
དང་	དང་	NO_POS
ཡིད་བཞིན་	ཡིད་བཞིན་	OTHER
གྱི་	གི་	PART
ནོར་བུ་	ནོར་བུ་	NOUN
བཞིན་	བཞིན་	NOUN
དུ་	ལ་	PART
།		PUNCT
སེམས་ཅན་	སེམས་ཅན་	NOUN
ཐམས་ཅད་	ཐམས་ཅད་	DET
ཀྱི་	གི་	PART
བསམ་པ་	བསམ་པ་	VERB
ཡོངས་སུ་	ཡོངས་སུ་	NO_POS
རྫོགས་པ་	རྫོགས་པ་	VERB
ར་	ལ་	PART
བྱེད་པ་	བྱེད་པ་	VERB
།		PUNCT
ཐུབ་པ་	ཐུབ་པ་	VERB
ཆེན་པོ་	ཆེན་པོ་	ADJ
རྣམས་	རྣམས་	DET
ཀྱི་	གི་	PART
ཡང་	ཀྱང་	PART
སྤྱོད་ཡུལ་	སྤྱོད་ཡུལ་	NOUN
མ་ཡིན་པ་	མ་ཡིན་པ་	OTHER
།		PUNCT
སེམས་ཅན་	སེམས་ཅན་	NOUN
གྱི་	གི་	PART
ཕུང་པོ་	ཕུང་པོ་	NOUN
ཆེན་པོ་	ཆེན་པོ་	ADJ
མཆོག་	མཆོག་	ADJ
ཏུ་	ལ་	PART
ཞི་བ་	ཞི་བ་	VERB
ར་	ལ་	PART
མཛད་པ་	མཛད་པ་	VERB
སྒྱུ་མ་	སྒྱུ་མ་	NOUN
ལྟ་བུ་	ལྟ་བུ་	NOUN
རྨི་ལམ་	རྨི་ལམ་	NOUN
ལྟ་བུ་	ལྟ་བུ་	NOUN
གཟུགས་བརྙན་	གཟུགས་བརྙན་	NOUN
ལྟ་བུ་	ལྟ་བུ་	NOUN
སྒྲ་བརྙན་	སྒྲ་བརྙན་	NO_POS
ལྟ་བུ་	ལྟ་བུ་	NOUN
སྟེ་	སྟེ་	PART
སྲིད་པ་	སྲིད་པ་	VERB
གསུམ་	གསུམ་	NUM
གྱིས་	གིས་	PART
མཆོད་པ་	མཆོད་པ་	VERB
ར་	ལ་	PART
བྱ་བ་	བྱ་བ་	VERB
རྣལ་འབྱོར་པ་	རྣལ་འབྱོར་པ་	NOUN
འི་	གི་	PART
ཡེ་ཤེས་	ཡེ་ཤེས་	NOUN
རང་རིག་པ་	རང་རིག་པ་	NO_POS
མཆོག་	མཆོག་	ADJ
ཏུ་	ལ་	PART
མི་འགྱུར་བ་	མི་འགྱུར་བ་	NO_POS
འི་	གི་	PART
བདེ་བ་	བདེ་བ་	VERB
འདི་ཉིད་	འདི་ཉིད་	OTHER
ནི་	ནི་	NO_POS
རྣལ་འབྱོར་པ་	རྣལ་འབྱོར་པ་	NOUN
ས་	གིས་	PART
དོར་བ་	དོར་བ་	VERB
ར་	ལ་	PART
མི་	མི་	PART
བྱ་	བྱ་	VERB
འོ་	གོ་	PART
"།

།"		PUNCT
ཞེས་་	ཞེས་པ་	PART
དེ་བཞིན་	དེ་བཞིན་	OTHER
གཤེགས་པ་	གཤེགས་པ་	VERB
འི་	གི་	PART
ངེས་པ་	ངེས་པ་	VERB
འོ་	གོ་	PART
། །		PUNCT
ཞེ་	ཅེས་	PART
སོགས་	སོགས་	DET
གསུངས་	གསུངས་	VERB
སོ་	གོ་	PART
། །		PUNCT
དབང་	དབང་	NOUN
བཞི་པ་	བཞི་པ་	ADJ
འི་	གི་	PART
དོན་	དོན་	NOUN
ཡང་	ཀྱང་	PART
དེ་ཉིད་	དེ་ཉིད་	NOUN
ཡིན་	ཡིན་	NO_POS
ཏེ་	སྟེ་	PART
།		PUNCT
དེ་	སྟེ་	PART
མ་	མ་	PART
རྟོགས་	རྟོགས་	VERB
ན་	ལ་	PART
དབང་	དབང་	NOUN
ཐམས་ཅད་	ཐམས་ཅད་	DET
དོན་མེད་	དོན་མེད་	ADJ
དོ་	གོ་	PART
། །		PUNCT
བཅོམ་ལྡན་འདས་	བཅོམ་ལྡན་འདས་	NOUN
འཇིག་རྟེན་	འཇིག་རྟེན་	NOUN
མགོན་པོ་	མགོན་པོ་	NOUN
འི་	གི་	PART
ཞལ་སྔ་	ཞལ་སྔ་	NOUN
ན་	ནས་	PART
།		PUNCT
དབང་	དབང་	NOUN
བཞི་པ་	བཞི་པ་	ADJ
མ་	མ་	PART
རྟོགས་	རྟོགས་	VERB
ན་	ལ་	PART
དབང་	དབང་	NOUN
ཐམས་ཅད་	ཐམས་ཅད་	DET
དོན་མེད་པ་	དོན་མེད་པ་	ADJ
ར་	ལ་	PART
འགྱུར་	འགྱུར་	VERB
རོ་	རོ་	NOUN
། །		PUNCT
ཞེ་	ཅེས་	PART
གསུངས་	གསུངས་	VERB
སོ་	གོ་	PART
། །		PUNCT
དེས་ན་	དེས་ན་	NO_POS
དབང་	དབང་	NOUN
བཞི་པ་	བཞི་པ་	ADJ
འི་	གི་	PART
དོན་	དོན་	NOUN
མི་	མི་	PART
ཤེས་པ་	ཤེས་པ་	VERB
འི་	གི་	PART
པཎྜི་ཏ་	པཎྜི་ཏ་	NOUN
དང་	དང་	NO_POS
བླ་མ་	བླ་མ་	NOUN
ལ་སོགས་པ་	ལ་སོགས་པ་	NO_POS
ལ་	ལ་	PART
ཡིད་	ཡིད་	NOUN
རྟོན་པ་	རྟོན་པ་	VERB
ནི་	ནི་	NO_POS
བླུན་པོ་	བླུན་པོ་	ADJ
འི་	གི་	PART
དད་པ་	དད་པ་	VERB
ལྷག་པོ་	ལྷག་པོ་	NOUN
ཡིན་པ་	ཡིན་པ་	AUX
འི་	གི་	PART
ཕྱི་	ཕྱི་	OTHER
དོར་བ་	དོར་བ་	VERB
ར་	ལ་	PART
བྱ་	བྱ་	VERB
འོ་	གོ་	PART
། །		PUNCT
གང་	གང་	NO_POS
གི་	གི་	PART
ཕྱི་	ཕྱི་	OTHER
དེ་	སྟེ་	PART
རྣམས་	རྣམས་	DET
ཀྱིས་	གིས་	PART
རྟོག་གེ་	རྟོག་གེ་	NOUN
འི་	གི་	PART
ལམ་	གམ་	PART
ན་	ནས་	PART
ཆོ་	ཆོ་	NOUN
ཉྀད་		NON_WORD
ལ་	ལ་	PART
ཁྲིད་པ་	ཁྲིད་པ་	VERB
འི་	གི་	PART
ཕྱི་	ཕྱི་	OTHER
རོ་	རོ་	NOUN
། །		PUNCT
ཇི་སྐད་	ཇི་སྐད་	NO_POS
དུ་	ལ་	PART
།		PUNCT
འཕགས་པ་	འཕགས་པ་	VERB
ཕྱོགས་	ཕྱོགས་	NOUN
ཀྱི་	གི་	PART
གླང་པོ་	གླང་པོ་	NOUN
འི་	གི་	PART
ཞལ་སྔ་	ཞལ་སྔ་	NOUN
ན་	ནས་	PART
།		PUNCT
གང་	གང་	NO_POS
གི་	གི་	PART
རྟོག་གེ་	རྟོག་གེ་	NOUN
འི་	གི་	PART
ལམ་	གམ་	PART
ན་	ནས་	PART
ཆོས་ཉིད་	ཆོས་ཉིད་	NOUN
ལ་	ལ་	PART
ཁྲིད་	ཁྲིད་	VERB
ན་	ལ་	PART
། །		PUNCT
ཐུབ་པ་	ཐུབ་པ་	VERB
འི་	གི་	PART
བསྟན་	བསྟན་	VERB
ལ་	ལ་	PART
ཆེ་	ཆེ་	VERB
རིང་	རིང་	NOUN
ཉམས་པ་	ཉམས་པ་	VERB
ར་	ལ་	PART
བྱས་པ་	བྱས་པ་	VERB
ཡིན་	ཡིན་	NO_POS
། །		PUNCT
ཞེ་	ཅེས་	PART
གསུངས་	གསུངས་	VERB
སོ་	གོ་	PART
། །		PUNCT
དེས་ན་	དེས་ན་	NO_POS
རྣམ་ཤེས་	རྣམ་ཤེས་	NOUN
ནི་	ནི་	NO_POS
ལམ་བདེན་	ལམ་བདེན་	NOUN
གྱི་	གི་	PART
མི་	མི་	PART
མཐུན་	མཐུན་	VERB
ཕྱོགས་	ཕྱོགས་	NOUN
ཡིན་	ཡིན་	NO_POS
ནོ་	གོ་	PART
། །		PUNCT
དེ་	དེ་	DET
འི་	གི་	PART
ཕྱི་	ཕྱི་	OTHER
སངས་རྒྱས་	སངས་རྒྱས་	NOUN
དང་	དང་	NO_POS
ས་བཅུ་	ས་བཅུ་	NO_POS
འི་	གི་	PART
དབང་ཕྱུག་	དབང་ཕྱུག་	NOUN
རྣམས་	རྣམས་	DET
དང་	དང་	NO_POS
རྒྱན་	རྒྱན་	NOUN
དྲུག་	དྲུག་	NUM
མཆོག་	མཆོག་	ADJ
བརྒྱད་	བརྒྱད་	NUM
ལ་སོགས་པ་	ལ་སོགས་པ་	NO_POS
གང་ཟག་	གང་ཟག་	NOUN
ཁྱད་འཕགས་	ཁྱད་འཕགས་	OTHER
སུ་	ལ་	PART
དེ་བཞིན་	དེ་བཞིན་	OTHER
གཤེགས་པ་	གཤེགས་པ་	VERB
ས་	གིས་	PART
ལུང་བསྟན་པ་	ལུང་བསྟན་པ་	NOUN
རྣམས་	རྣམས་	DET
ནི་	ནི་	NO_POS
ཚད་མ་	ཚད་མ་	NOUN
ར་	ལ་	PART
གྱུར་	གྱུར་	VERB
ཅིང་	ཅིང་	PART
དཔང་	དཔང་	NO_POS
དུ་	ལ་	PART
གྱུར་པ་	གྱུར་པ་	VERB
ཡིད་ཆེས་	ཡིད་ཆེས་	NOUN
ཀྱི་	གི་	PART
གནས་	གནས་	NOUN
སུ་	ལ་	PART
རུང་	རུང་	SCONJ
གི་	གི་	PART
དེ་	སྟེ་	PART
མན་ཆད་	མན་ཆད་	ADV
ཀྱི་	གི་	PART
པཎྜི་ཏ་	པཎྜི་ཏ་	NOUN
ལ་སོགས་པ་	ལ་སོགས་པ་	NO_POS
ཕལ་བ་	ཕལ་བ་	NOUN
རྣམས་	རྣམས་	DET
ནི་	ནི་	NO_POS
དེ་ལྟ་	དེ་ལྟ་	NO_POS
མ་	མ་	PART
ཡིན་	ཡིན་	NO_POS
ཏེ་	སྟེ་	PART
།		PUNCT
དེ་	སྟེ་	PART
རྣམས་	རྣམས་	DET
ཀྱིས་	གིས་	PART
ནི་	ནི་	NO_POS
རྟོག་	རྟོག་	VERB
དཔྱཽད་		NON_WORD
དང་	དང་	NO_POS
བྲལ་བ་	བྲལ་བ་	VERB
རྣམས་	རྣམས་	DET
ངེས་པ་		
བསླུ་བ་	བསླུ་བ་	VERB
འི་	གི་	PART
ཕྱི་	ཕྱི་	OTHER
རོ་	རོ་	NOUN
། །		PUNCT
གལ་ཏེ་	གལ་ཏེ་	NO_POS
པཎྜི་ཏ་	པཎྜི་ཏ་	NOUN
ཆོ་	ཆོ་	NOUN
ཀྱི་	གི་	PART
བཤེས་གཉེན་	བཤེས་གཉེན་	NOUN
ལྟ་བུ་	ལྟ་བུ་	NOUN
འི་	གི་	PART
མཁས་པ་	མཁས་པ་	VERB
རྣམས་	རྣམས་	DET
ཀྱིས་	གིས་	PART
བཀའ་	བཀའ་	NOUN
བར་པ་	བར་པ་	NOUN
དང་	དང་	NO_POS
ཐ་མ་	ཐ་མ་	ADJ
གཉིས་	གཉིས་	NUM
གོ་རིམ་	གོ་རིམ་	NOUN
དཀྲུག་པ་	དཀྲུག་པ་	NON_WORD
ལྟ་བུ་	ལྟ་བུ་	NOUN
སངས་རྒྱས་	སངས་རྒྱས་	NOUN
ཀྱི་	གི་	PART
བཀའ་	བཀའ་	NOUN
ལ་	ལ་	PART
ཡང་	ཀྱང་	PART
བཅོས་ཐབས་	བཅོས་ཐབས་	OTHER
དང་	དང་	NO_POS
ཞུ་	ཞུ་	VERB
ཏུག་	ཏུག་	NO_POS
དང་	དང་	NO_POS
དག་ཐེར་	དག་ཐེར་	OTHER
དུ་མ་	དུ་མ་	ADJ
བྱ་	བྱ་	VERB
ཤིང་	ཅིང་	PART
།		PUNCT
དེ་བཞིན་	དེ་བཞིན་	OTHER
གཤེགས་པ་	གཤེགས་པ་	VERB
ལ་	ལ་	PART
ཡང་	ཀྱང་	PART
སྐྱོན་	སྐྱོན་	NOUN
བཟུང་	བཟུང་	NO_POS
སྟེ་	སྟེ་	PART
།		PUNCT
མི་	མི་	PART
འཐད་པ་	འཐད་པ་	VERB
འི་	གི་	PART
ཆ་	ཆ་	NOUN
དོར་	དོར་	VERB
ཞིང་	ཅིང་	PART
ལེགས་པ་	ལེགས་པ་	VERB
འི་	གི་	PART
ཆ་	ཆ་	NOUN
གང་ཡིན་པ་	གང་ཡིན་པ་	NO_POS
དེ་	སྟེ་	PART
ཐར་པ་	ཐར་པ་	VERB
དོན་	དོན་	NOUN
དུ་	ལ་	PART
གཉེར་བ་	གཉེར་བ་	VERB
རྣམས་	རྣམས་	DET
ལ་	ལ་	PART
འདོམས་པ་	འདོམས་པ་	VERB
འི་	གི་	PART
ཕྱི་	ཕྱི་	OTHER
སངས་རྒྱས་	སངས་རྒྱས་	NOUN
ལ་	ལ་	ADP
ས་	གིས་	PART
ཀྱང་	ཀྱང་	PART
།		PUNCT
མཁས་པ་	མཁས་པ་	VERB
དེ་	སྟེ་	PART
རྣམས་	རྣམས་	DET
ཚད་མ་	ཚད་མ་	NOUN
ར་	ལ་	PART
རིགས་	རིགས་	NOUN
ཀྱི་	གི་	PART
སངས་རྒྱས་	སངས་རྒྱས་	NOUN
ལ་སོགས་པ་	ལ་སོགས་པ་	NO_POS
ས་བཅུ་པ་	ས་བཅུ་པ་	NO_POS
རྣམས་	རྣམས་	DET
ནི་	ནི་	NO_POS
གཏིང་དཔག་	གཏིང་དཔག་	NO_POS
དཀའ་བ་	དཀའ་བ་	VERB
འི་	གི་	PART
ཕྱི་	ཕྱི་	OTHER
།		PUNCT
དེ་ལྟ་	དེ་ལྟ་	NO_POS
མ་	མ་	PART
ཡིན་	ཡིན་	NO_POS
ནོ་	གོ་	PART
ཞེ་ན་	ཅེ་ན་	PART
དེ་ཉིད་	དེ་ཉིད་	NOUN
རིགས་པ་	རིགས་པ་	VERB
མ་	མ་	PART
ཡིན་	ཡིན་	NO_POS
ཏེ་	སྟེ་	PART
།		PUNCT
གང་	གང་	NO_POS
གི་	གི་	PART
ཕྱི་	ཕྱི་	OTHER
འདུ་ཤེས་	འདུ་ཤེས་	NOUN
ཕྱིན་	ཕྱིན་	VERB
ཅི་	ཅི་	NO_POS
ལོག་	ལོག་	VERB
དང་	དང་	NO_POS
།		PUNCT
སེམས་	སེམས་	NOUN
ཕྱིན་	ཕྱིན་	VERB
ཅི་	ཅི་	NO_POS
ལོག་	ལོག་	VERB
དང་	དང་	NO_POS
།		PUNCT
ལྟ་བ་	ལྟ་བ་	VERB
ཕྱིན་	ཕྱིན་	VERB
ཅི་	ཅི་	NO_POS
ལོག་	ལོག་	VERB
ཏུ་	ལ་	PART
གྱུར་པ་	གྱུར་པ་	VERB
དེ་	དེ་	DET
འི་	གི་	PART
ཕྱི་	ཕྱི་	OTHER
དེ་ཉིད་	དེ་ཉིད་	NOUN
ནི་	ནི་	NO_POS
ཤིན་ཏུ་	ཤིན་ཏུ་	NO_POS
མི་	མི་	PART
རུང་	རུང་	SCONJ
ངོ་	གོ་	PART
། །		PUNCT
ཇི་སྐད་	ཇི་སྐད་	NO_POS
དུ་	ལ་	PART
།		PUNCT
བཅོམ་ལྡན་འདས་	བཅོམ་ལྡན་འདས་	NOUN
བྱམས་པ་	བྱམས་པ་	PROPN
མགོན་པོ་	མགོན་པོ་	NOUN
འི་	གི་	PART
ཞལ་སྔ་	ཞལ་སྔ་	NOUN
ན་	ནས་	PART
།		PUNCT
གང་ཞིག་	གང་ཞིག་	NO_POS
རྒྱལ་	རྒྱལ་	VERB
ལ་	ལ་	ADP
ས་	གིས་	PART
ཆེ་	ཆེ་	VERB
མཁའ་	མཁའ་	VERB
འགའ་ཡང་	འགའ་ཡང་	NO_POS
འཇིག་རྟེན་	འཇིག་རྟེན་	NOUN
འདི་	འདི་	DET
ན་	ལ་	PART
ཡོད་	ཡོད་	VERB
མིན་	མིན་	AUX
ལ་	ལ་	PART
། །		PUNCT
མ་	མ་	PART
ལུས་	ལུས་	NOUN
དེ་ཉིད་	དེ་ཉིད་	NOUN
མཆོག་	མཆོག་	ADJ
ནི་	ནི་	NO_POS
ཚུལ་བཞིན་	ཚུལ་བཞིན་	NOUN
ཀུན་མཁྱེན་	ཀུན་མཁྱེན་	OTHER
གྱིས་	གིས་	PART
མཁྱེན་	མཁྱེན་	VERB
གཞན་	གཞན་	DET
མིན་པ་	མིན་པ་	VERB
། །		PUNCT
དེ་ཕྱིར་	དེ་ཕྱིར་	NO_POS
དྲང་སྲོང་	དྲང་སྲོང་	NOUN
རང་ཉིད་	རང་ཉིད་	OTHER
ཀྱིས་	གིས་	PART
བཞག་	བཞག་	VERB
མདོ་སྡེ་	མདོ་སྡེ་	NOUN
གང་ཡིན་	གང་ཡིན་	NO_POS
དེ་	སྟེ་	PART
མི་	མི་	PART
དཀྲུག་		NON_WORD
།		PUNCT
ཐུབ་	ཐུབ་	VERB
ཚུལ་	ཚུལ་	NOUN
བཤིག་	བཤིག་	VERB
ཕྱི་	ཕྱི་	OTHER
དེ་	སྟེ་	PART
ནི་	ནི་	NO_POS
དམ་ཆོས་	དམ་ཆོས་	NOUN
ལ་	ལ་	PART
ཡང་	ཀྱང་	PART
གནོད་པ་	གནོད་པ་	VERB
བྱེད་པ་	བྱེད་པ་	VERB
ར་	ལ་	PART
འགྱུར་	འགྱུར་	VERB
། །		PUNCT
ཞེ་	ཅེས་	PART
གསུངས་པ་	གསུངས་པ་	VERB
འི་	གི་	PART
ཕྱི་	ཕྱི་	OTHER
།		PUNCT
རྒྱལ་བ་	རྒྱལ་བ་	NOUN
མ་ཕམ་པ་	མ་ཕམ་པ་	PROPN
འདི་	འདི་	DET
ཡང་	ཀྱང་	PART
བརྫུན་	བརྫུན་	NOUN
གསུངས་པ་པོ་	གསུངས་པ་པོ་	VERB
ཡིན་	ཡིན་	NO_POS
ནམ་	གམ་	PART
།		PUNCT
མཁས་པ་	མཁས་པ་	VERB
རྣམས་	རྣམས་	DET
ཀྱིས་	གིས་	PART
དགོངས་པ་	དགོངས་པ་	VERB
ར་	ལ་	PART
ཞི་	ཞི་	VERB
།		PUNCT
དགོས་པ་	དགོས་པ་	VERB
མེད་པ་	མེད་པ་	VERB
འི་	གི་	PART
ཕྱི་	ཕྱི་	OTHER
དེ་	སྟེ་	PART
ནི་	ནི་	NO_POS
མི་	མི་	PART
སྲིད་	སྲིད་	NOUN
དེ་	སྟེ་	PART
།		PUNCT
དཔལ་	དཔལ་	OTHER
ཆོ་	ཆོ་	NOUN
ཀྱི་	གི་	PART
གྲགས་པ་	གྲགས་པ་	VERB
འི་	གི་	PART
ཞལ་སྔ་	ཞལ་སྔ་	NOUN
ན་	ནས་	PART
།		PUNCT
སྐྱོབ་པ་	སྐྱོབ་པ་	VERB
ཉིད་	ཉིད་	DET
གཟུགས་	གཟུགས་	NOUN
ལམ་	གམ་	PART
གསུང་བ་	གསུང་བ་	VERB
།།		PUNCT
འབྲས་	འབྲས་	NOUN
མེད་	མེད་	VERB
ཕྱི་	ཕྱི་	OTHER
ན་	ལ་	PART
བརྫུན་	བརྫུན་	NOUN
མི་	མི་	PART
གསུང་	གསུང་	VERB
། །		PUNCT
ཞེ་	ཅེས་	PART
གསུངས་	གསུངས་	VERB
སོ་	གོ་	PART
། །		PUNCT
རྒྱུ་	རྒྱུ་	NOUN
དེས་ན་	དེས་ན་	NO_POS
རང་	རང་	PRON
གི་	གི་	PART
བློ་	བློ་	NOUN
ཚོད་	ཚོད་	NOUN
དང་	དང་	NO_POS
བསྟུན་པ་	བསྟུན་པ་	VERB
འི་	གི་	PART
གཤག་	གཤག་	NO_POS
རལ་	རལ་	NO_POS
བྱ་བ་	བྱ་བ་	VERB
ར་	ལ་	PART
རིགས་	རིགས་	NOUN
ཀྱི་	གི་	PART
ཐམས་ཅད་	ཐམས་ཅད་	DET
མཁྱེན་པ་	མཁྱེན་པ་	VERB
ལ་	ལ་	PART
ཡང་	ཀྱང་	PART
སྐྱོན་	སྐྱོན་	NOUN
འཛིན་པ་	འཛིན་པ་	VERB
ནི་	ནི་	NO_POS
ཧ་ཅང་	ཧ་ཅང་	ADV
ཐལ་	ཐལ་	VERB
ཏེ་	སྟེ་	PART
།		PUNCT
འོག་མ་	འོག་མ་	ADJ
རྣམས་	རྣམས་	DET
ཀྱིས་	གིས་	PART
གོང་མ་	གོང་མ་	ADJ
རྣམས་	རྣམས་	DET
ལ་	ལ་	PART
མི་	མི་	PART
གནོད་	གནོད་	VERB
ཅིང་	ཅིང་	PART
གོང་མ་	གོང་མ་	ADJ
འི་	གི་	PART
བྱ་བ་	བྱ་བ་	VERB
ནི་	ནི་	NO_POS
འོག་མ་	འོག་མ་	ADJ
རྣམས་	རྣམས་	DET
ཀྱི་	གི་	PART
སྤྱོད་ཡུལ་	སྤྱོད་ཡུལ་	NOUN
མ་ཡིན་པ་	མ་ཡིན་པ་	OTHER
འི་	གི་	PART
ཕྱི་	ཕྱི་	OTHER
རོ་	རོ་	NOUN
། །		PUNCT
ཇི་སྐད་	ཇི་སྐད་	NO_POS
དུ་	ལ་	PART
།		PUNCT
བཅོམ་ལྡན་འདས་	བཅོམ་ལྡན་འདས་	NOUN
འཇིག་རྟེན་	འཇིག་རྟེན་	NOUN
མགོན་པོ་	མགོན་པོ་	NOUN
འི་	གི་	PART
ཞལ་སྔ་	ཞལ་སྔ་	NOUN
ན་	ནས་	PART
།		PUNCT
ལ་	ལ་	ADP
ས་	གིས་	PART
དང་པོ་པ་	དང་པོ་པ་	ADJ
ས་	གིས་	PART
རྣལ་འབྱོར་པ་	རྣལ་འབྱོར་པ་	NOUN
འི་	གི་	PART
བྱ་བ་	བྱ་བ་	VERB
མི་	མི་	PART
བྱ་	བྱ་	VERB
འོ་	གོ་	PART
། །		PUNCT
རྣལ་འབྱོར་པ་	རྣལ་འབྱོར་པ་	NOUN
ས་	གིས་	PART
གྲུབ་པ་	གྲུབ་པ་	VERB
འི་	གི་	PART
བྱ་བ་	བྱ་བ་	VERB
ནི་	ནི་	NO_POS
མི་	མི་	PART
བྱ་	བྱ་	VERB
འོ་	གོ་	PART
། །		PUNCT
གྲུབ་པ་	གྲུབ་པ་	VERB
ས་	གིས་	PART
ཐམས་ཅད་	ཐམས་ཅད་	DET
མཁྱེན་པ་	མཁྱེན་པ་	VERB
འི་	གི་	PART
བྱ་བ་	བྱ་བ་	VERB
མི་	མི་	PART
བྱ་	བྱ་	VERB
འོ་	གོ་	PART
། །		PUNCT
ཞེ་	ཅེས་	PART
གསུངས་	གསུངས་	VERB
སོ་	གོ་	PART
། །		PUNCT
དེ་ལྟ་ན་	དེ་ལྟ་ན་	NO_POS
ཡང་	ཀྱང་	PART
།		PUNCT
རྣལ་འབྱོར་པ་	རྣལ་འབྱོར་པ་	NOUN
ཡང་	ཀྱང་	PART
བློ་	བློ་	NOUN
ཁྱད་	ཁྱད་	NOUN
ཀྱིས་	གིས་	PART
། །		PUNCT
གོང་མ་	གོང་མ་	ADJ
གོང་མ་	གོང་མ་	ADJ
རྣམས་	རྣམས་	DET
ཀྱི་	གི་	PART
གནོད་	གནོད་	VERB
། །		PUNCT
ཅེས་པ་	ཅེས་པ་	PART
འི་	གི་	PART
ལེགས་པ་	ལེགས་པ་	VERB
ར་	ལ་	PART
བཤད་པ་	བཤད་པ་	VERB
དེ་	དེ་	DET
འི་	གི་	PART
དོན་	དོན་	NOUN
ཡང་	ཀྱང་	PART
གནས་	གནས་	NOUN
སུ་	ལ་	PART
ཕྱིན་པ་	ཕྱིན་པ་	VERB
ཡིན་	ཡིན་	NO_POS
ནོ་	གོ་	PART
། །		PUNCT
འདི་	འདི་	DET
ཡང་	ཀྱང་	PART
རྫོགས་	རྫོགས་	VERB
ལྡན་	ལྡན་	VERB
གྱི་	གི་	PART
ལུགས་	ལུགས་	NOUN
ཏེ་	སྟེ་	PART
།		PUNCT
གསུམ་	གསུམ་	NUM
ལྡན་	ལྡན་	VERB
མ་	མ་	NOUN
བཅད་	བཅད་	VERB
ཀྱི་	གི་	PART
ལུགས་	ལུགས་	NOUN
ལ་	ལ་	ADP
ས་	གིས་	PART
ཆེ་	ཆེ་	VERB
ཁྱད་པར་	ཁྱད་པར་	NOUN
དུ་	ལ་	PART
འཕགས་པ་	འཕགས་པ་	VERB
འོ་	གོ་	PART
།། །།		PUNCT
སརྦ་	སརྦ་	NO_POS
མངྒ་		NON_WORD
ལཾ་		NON_WORD
།		PUNCT
བྷ་	བྷ་	NO_POS
ཝནྟུ་		NON_WORD
།		PUNCT
མཁྱེན་བརྩེ་	མཁྱེན་བརྩེ་	PROPN
འི་	གི་	PART
འོད་སྣང་	འོད་སྣང་	OTHER
ལ་	ལ་	ADP
ས་	གིས་	PART
།		PUNCT
དོལ་པོ་	དོལ་པོ་	PROPN
པ་	པ་	PART
ཤེས་རབ་	ཤེས་རབ་	NOUN
རྒྱལ་མཚན་	རྒྱལ་མཚན་	NOUN
གྱི་	གི་	PART
གསུང་	གསུང་	VERB
།		PUNCT
སོ་སོ་	སོ་སོ་	PRON
འི་	གི་	PART
སྐྱེ་བོ་	སྐྱེ་བོ་	NOUN
འི་	གི་	PART
པཎྜི་ཏ་	པཎྜི་ཏ་	NOUN
ལ་སོགས་པ་	ལ་སོགས་པ་	NO_POS
འི་	གི་	PART
འཁྲུལ་བ་	འཁྲུལ་བ་	VERB
ལུང་བསྟན་པ་	ལུང་བསྟན་པ་	NOUN
།		PUNCT
		
